,Score_Tm,Score_Opp,Off_1stD,Off_PassY,Off_RushY,Off_TO,Def_1stD,Def_PassY,Def_RushY,Def_TO
0,27.0,3.0,20.0,176.0,164.0,1.0,9.0,39.0,74.0,3.0
1,24.0,28.0,17.0,181.0,116.0,4.0,19.0,191.0,109.0,3.0
2,28.0,24.0,17.0,90.0,184.0,2.0,25.0,204.0,209.0,2.0
3,37.0,35.0,27.0,267.0,137.0,1.0,24.0,333.0,109.0,2.0
4,21.0,27.0,25.0,304.0,63.0,6.0,21.0,176.0,168.0,3.0
5,17.0,13.0,23.0,134.0,157.0,5.0,8.0,81.0,123.0,4.0
6,28.0,42.0,23.0,329.0,124.0,6.0,17.0,287.0,77.0,3.0
7,27.0,28.0,17.0,164.0,127.0,5.0,17.0,222.0,175.0,2.0
8,7.0,21.0,12.0,127.0,89.0,6.0,16.0,177.0,160.0,2.0
9,21.0,38.0,15.0,176.0,110.0,1.0,20.0,235.0,142.0,1.0
10,41.0,35.0,24.0,293.0,106.0,2.0,18.0,205.0,210.0,2.0
11,30.0,27.0,20.0,187.0,186.0,5.0,20.0,209.0,40.0,5.0
12,31.0,28.0,28.0,365.0,106.0,0.0,14.0,187.0,88.0,4.0
13,43.0,50.0,18.0,184.0,148.0,4.0,24.0,209.0,230.0,4.0
14,21.0,20.0,15.0,183.0,93.0,3.0,14.0,86.0,131.0,2.0
15,31.0,41.0,22.0,250.0,66.0,4.0,15.0,120.0,168.0,3.0
16,35.0,28.0,13.0,95.0,108.0,3.0,18.0,223.0,63.0,2.0
17,37.0,30.0,26.0,196.0,157.0,3.0,11.0,159.0,80.0,2.0
18,10.0,25.0,14.0,140.0,62.0,5.0,19.0,299.0,123.0,5.0
19,10.0,27.0,17.0,281.0,78.0,6.0,20.0,205.0,133.0,4.0
20,14.0,6.0,16.0,77.0,210.0,1.0,9.0,32.0,105.0,3.0
21,13.0,48.0,16.0,111.0,90.0,6.0,17.0,169.0,184.0,4.0
22,23.0,12.0,19.0,188.0,165.0,6.0,15.0,179.0,131.0,6.0
23,13.0,49.0,25.0,240.0,107.0,4.0,24.0,407.0,148.0,1.0
24,21.0,14.0,12.0,157.0,59.0,2.0,22.0,214.0,63.0,3.0
25,28.0,7.0,16.0,266.0,127.0,2.0,16.0,271.0,86.0,7.0
26,21.0,48.0,17.0,152.0,152.0,3.0,26.0,307.0,266.0,1.0
27,24.0,35.0,19.0,51.0,204.0,4.0,16.0,126.0,199.0,4.0
28,28.0,17.0,13.0,261.0,163.0,5.0,20.0,129.0,184.0,3.0
29,14.0,40.0,20.0,165.0,83.0,6.0,13.0,187.0,110.0,2.0
30,17.0,6.0,12.0,151.0,84.0,2.0,16.0,155.0,172.0,7.0
31,10.0,32.0,11.0,166.0,78.0,4.0,16.0,273.0,60.0,4.0
32,14.0,43.0,13.0,325.0,48.0,4.0,16.0,238.0,117.0,0.0
33,17.0,56.0,12.0,93.0,47.0,6.0,24.0,252.0,185.0,1.0
34,17.0,20.0,13.0,178.0,98.0,3.0,22.0,205.0,137.0,2.0
35,23.0,3.0,13.0,275.0,70.0,2.0,10.0,145.0,38.0,6.0
36,31.0,21.0,24.0,242.0,163.0,4.0,12.0,167.0,33.0,3.0
37,31.0,52.0,16.0,189.0,53.0,6.0,23.0,111.0,226.0,3.0
38,46.0,45.0,25.0,268.0,113.0,4.0,19.0,179.0,115.0,4.0
39,17.0,24.0,13.0,209.0,64.0,0.0,12.0,171.0,170.0,2.0
40,3.0,20.0,11.0,180.0,27.0,3.0,23.0,151.0,241.0,4.0
41,10.0,44.0,9.0,40.0,122.0,6.0,27.0,243.0,218.0,4.0
42,14.0,38.0,15.0,155.0,117.0,5.0,24.0,268.0,120.0,1.0
43,24.0,17.0,17.0,191.0,60.0,4.0,18.0,308.0,85.0,3.0
44,10.0,7.0,11.0,173.0,65.0,6.0,14.0,164.0,63.0,6.0
45,31.0,24.0,10.0,172.0,46.0,1.0,22.0,304.0,105.0,6.0
46,20.0,24.0,16.0,203.0,63.0,0.0,22.0,223.0,287.0,3.0
47,26.0,49.0,17.0,223.0,91.0,2.0,28.0,282.0,223.0,3.0
48,35.0,35.0,16.0,225.0,69.0,2.0,16.0,201.0,116.0,2.0
49,7.0,53.0,15.0,196.0,39.0,4.0,25.0,371.0,157.0,1.0
50,27.0,31.0,21.0,282.0,72.0,5.0,23.0,189.0,120.0,2.0
51,14.0,9.0,16.0,238.0,109.0,0.0,14.0,52.0,163.0,1.0
52,17.0,0.0,10.0,97.0,82.0,1.0,13.0,177.0,119.0,3.0
53,14.0,45.0,14.0,130.0,38.0,4.0,22.0,85.0,285.0,0.0
54,10.0,19.0,10.0,168.0,49.0,3.0,20.0,150.0,158.0,3.0
55,0.0,48.0,12.0,79.0,78.0,7.0,16.0,264.0,128.0,2.0
56,30.0,6.0,15.0,144.0,103.0,0.0,14.0,95.0,97.0,5.0
57,10.0,26.0,13.0,169.0,46.0,7.0,14.0,220.0,58.0,3.0
58,17.0,17.0,14.0,273.0,47.0,2.0,17.0,205.0,88.0,4.0
59,35.0,13.0,16.0,82.0,231.0,2.0,22.0,389.0,17.0,5.0
60,24.0,21.0,18.0,152.0,218.0,1.0,19.0,238.0,100.0,2.0
61,24.0,34.0,15.0,179.0,66.0,0.0,20.0,347.0,180.0,3.0
62,35.0,14.0,22.0,316.0,148.0,3.0,13.0,284.0,34.0,5.0
63,7.0,20.0,15.0,338.0,31.0,5.0,13.0,254.0,140.0,3.0
64,16.0,20.0,16.0,104.0,111.0,7.0,11.0,6.0,171.0,2.0
65,26.0,35.0,14.0,229.0,83.0,2.0,16.0,353.0,77.0,3.0
66,27.0,14.0,11.0,119.0,98.0,1.0,18.0,211.0,208.0,4.0
67,3.0,38.0,9.0,77.0,36.0,4.0,23.0,322.0,144.0,2.0
68,17.0,33.0,13.0,178.0,82.0,4.0,21.0,141.0,236.0,1.0
69,7.0,24.0,10.0,72.0,157.0,3.0,17.0,176.0,130.0,2.0
70,21.0,27.0,12.0,49.0,179.0,5.0,14.0,120.0,172.0,5.0
71,10.0,14.0,14.0,133.0,98.0,1.0,9.0,81.0,143.0,0.0
72,21.0,33.0,18.0,263.0,44.0,2.0,27.0,304.0,104.0,1.0
73,13.0,16.0,12.0,140.0,64.0,3.0,21.0,170.0,175.0,1.0
74,24.0,24.0,14.0,191.0,102.0,2.0,18.0,191.0,75.0,1.0
75,9.0,34.0,15.0,222.0,79.0,4.0,17.0,190.0,152.0,2.0
76,45.0,10.0,13.0,80.0,123.0,3.0,10.0,148.0,57.0,6.0
77,13.0,10.0,15.0,183.0,92.0,2.0,18.0,233.0,81.0,3.0
78,30.0,20.0,13.0,155.0,98.0,1.0,18.0,259.0,28.0,6.0
79,41.0,14.0,23.0,238.0,284.0,3.0,17.0,213.0,62.0,4.0
80,23.0,27.0,18.0,251.0,131.0,3.0,16.0,168.0,83.0,1.0
81,7.0,38.0,12.0,156.0,41.0,4.0,23.0,229.0,174.0,3.0
82,14.0,24.0,16.0,289.0,81.0,4.0,16.0,219.0,146.0,2.0
83,14.0,12.0,14.0,239.0,60.0,3.0,11.0,137.0,99.0,3.0
84,19.0,14.0,14.0,151.0,96.0,3.0,9.0,61.0,50.0,3.0
85,52.0,13.0,23.0,340.0,126.0,0.0,16.0,136.0,71.0,5.0
86,16.0,7.0,20.0,206.0,153.0,3.0,7.0,105.0,77.0,2.0
87,24.0,24.0,20.0,338.0,29.0,4.0,13.0,138.0,86.0,1.0
88,17.0,16.0,12.0,129.0,119.0,3.0,23.0,350.0,95.0,1.0
89,0.0,24.0,11.0,163.0,53.0,5.0,17.0,198.0,141.0,3.0
90,21.0,24.0,27.0,260.0,137.0,3.0,17.0,205.0,129.0,2.0
91,23.0,33.0,17.0,323.0,5.0,6.0,17.0,134.0,134.0,5.0
92,3.0,14.0,15.0,274.0,55.0,1.0,10.0,132.0,92.0,0.0
93,30.0,13.0,18.0,236.0,78.0,0.0,12.0,141.0,63.0,1.0
94,24.0,32.0,15.0,252.0,31.0,1.0,27.0,311.0,128.0,1.0
95,28.0,28.0,16.0,316.0,173.0,5.0,17.0,261.0,154.0,1.0
96,27.0,42.0,20.0,189.0,146.0,4.0,25.0,203.0,222.0,1.0
97,38.0,28.0,26.0,287.0,241.0,0.0,21.0,379.0,82.0,3.0
98,17.0,20.0,14.0,135.0,152.0,0.0,15.0,159.0,89.0,2.0
99,38.0,24.0,27.0,399.0,79.0,2.0,15.0,242.0,117.0,2.0
100,29.0,7.0,22.0,427.0,57.0,1.0,13.0,94.0,114.0,3.0
101,27.0,14.0,15.0,146.0,151.0,3.0,10.0,155.0,55.0,4.0
102,28.0,28.0,25.0,295.0,72.0,6.0,8.0,51.0,80.0,3.0
103,33.0,14.0,20.0,202.0,133.0,0.0,17.0,168.0,78.0,2.0
104,30.0,23.0,20.0,328.0,81.0,3.0,11.0,98.0,72.0,2.0
105,18.0,42.0,22.0,274.0,66.0,4.0,24.0,178.0,214.0,1.0
106,20.0,10.0,15.0,293.0,67.0,3.0,16.0,136.0,121.0,2.0
107,29.0,24.0,16.0,285.0,105.0,3.0,16.0,180.0,96.0,3.0
108,24.0,33.0,23.0,305.0,40.0,6.0,9.0,18.0,124.0,0.0
109,7.0,21.0,17.0,84.0,83.0,3.0,13.0,80.0,124.0,2.0
110,29.0,38.0,23.0,356.0,108.0,3.0,17.0,336.0,119.0,4.0
111,42.0,31.0,23.0,316.0,113.0,0.0,19.0,246.0,230.0,3.0
112,20.0,19.0,18.0,296.0,101.0,2.0,11.0,83.0,118.0,1.0
113,47.0,31.0,14.0,189.0,79.0,3.0,15.0,304.0,55.0,6.0
114,35.0,37.0,17.0,257.0,170.0,6.0,10.0,57.0,140.0,2.0
115,23.0,20.0,19.0,220.0,82.0,0.0,15.0,319.0,28.0,4.0
116,13.0,21.0,18.0,331.0,129.0,5.0,12.0,174.0,48.0,0.0
117,20.0,14.0,15.0,137.0,94.0,0.0,16.0,62.0,79.0,2.0
118,48.0,14.0,24.0,182.0,174.0,3.0,8.0,182.0,44.0,8.0
119,25.0,21.0,11.0,164.0,110.0,1.0,10.0,134.0,62.0,5.0
120,26.0,7.0,16.0,176.0,135.0,1.0,9.0,47.0,119.0,3.0
121,32.0,43.0,18.0,345.0,68.0,1.0,21.0,291.0,146.0,4.0
122,37.0,15.0,22.0,368.0,142.0,1.0,12.0,190.0,45.0,4.0
123,35.0,17.0,19.0,267.0,113.0,0.0,21.0,178.0,163.0,1.0
124,27.0,14.0,19.0,286.0,85.0,2.0,6.0,51.0,107.0,1.0
125,31.0,7.0,19.0,221.0,126.0,3.0,12.0,96.0,41.0,2.0
126,33.0,19.0,15.0,146.0,178.0,4.0,13.0,122.0,59.0,6.0
127,19.0,21.0,22.0,262.0,108.0,3.0,18.0,141.0,151.0,3.0
128,27.0,34.0,24.0,333.0,81.0,2.0,22.0,268.0,150.0,1.0
129,23.0,14.0,20.0,145.0,164.0,1.0,11.0,168.0,35.0,3.0
130,21.0,7.0,21.0,154.0,222.0,2.0,15.0,169.0,89.0,3.0
131,26.0,17.0,18.0,306.0,141.0,3.0,20.0,307.0,70.0,3.0
132,23.0,17.0,21.0,108.0,210.0,3.0,10.0,129.0,82.0,2.0
133,34.0,31.0,15.0,221.0,94.0,2.0,23.0,218.0,203.0,4.0
134,16.0,6.0,16.0,169.0,104.0,1.0,13.0,191.0,106.0,2.0
135,16.0,34.0,22.0,333.0,77.0,5.0,23.0,285.0,139.0,1.0
136,40.0,7.0,20.0,213.0,115.0,1.0,9.0,108.0,50.0,3.0
137,14.0,27.0,13.0,139.0,99.0,2.0,18.0,322.0,82.0,1.0
138,34.0,26.0,12.0,81.0,132.0,4.0,18.0,160.0,60.0,9.0
139,27.0,9.0,13.0,191.0,57.0,2.0,16.0,168.0,50.0,4.0
140,21.0,31.0,31.0,286.0,168.0,4.0,20.0,145.0,76.0,0.0
141,31.0,21.0,18.0,96.0,187.0,2.0,12.0,139.0,70.0,3.0
142,31.0,34.0,11.0,228.0,109.0,0.0,20.0,252.0,149.0,5.0
143,6.0,20.0,14.0,224.0,39.0,3.0,20.0,195.0,117.0,1.0
144,22.0,29.0,22.0,361.0,37.0,6.0,14.0,176.0,78.0,4.0
145,6.0,10.0,10.0,33.0,86.0,2.0,15.0,104.0,89.0,2.0
146,10.0,22.0,16.0,135.0,102.0,4.0,15.0,140.0,100.0,0.0
147,17.0,21.0,20.0,142.0,104.0,3.0,14.0,123.0,154.0,2.0
148,31.0,20.0,15.0,233.0,153.0,2.0,12.0,274.0,51.0,4.0
149,17.0,3.0,19.0,141.0,152.0,2.0,5.0,57.0,23.0,1.0
150,20.0,10.0,15.0,74.0,187.0,0.0,11.0,108.0,59.0,4.0
151,13.0,14.0,12.0,99.0,158.0,2.0,16.0,179.0,71.0,3.0
152,10.0,16.0,14.0,86.0,128.0,3.0,19.0,125.0,144.0,3.0
153,20.0,35.0,13.0,169.0,43.0,0.0,23.0,355.0,102.0,2.0
154,0.0,22.0,7.0,75.0,43.0,0.0,16.0,66.0,253.0,1.0
155,10.0,17.0,18.0,121.0,118.0,0.0,15.0,222.0,118.0,1.0
156,14.0,10.0,13.0,87.0,134.0,1.0,14.0,134.0,163.0,3.0
157,0.0,20.0,11.0,8.0,113.0,2.0,15.0,130.0,207.0,2.0
158,28.0,17.0,20.0,140.0,191.0,0.0,14.0,188.0,83.0,2.0
159,14.0,30.0,16.0,101.0,132.0,1.0,19.0,59.0,302.0,0.0
160,21.0,49.0,19.0,94.0,169.0,4.0,20.0,358.0,165.0,2.0
161,13.0,10.0,11.0,9.0,136.0,0.0,10.0,95.0,95.0,3.0
162,13.0,14.0,9.0,113.0,75.0,3.0,15.0,70.0,119.0,3.0
163,20.0,7.0,10.0,78.0,153.0,1.0,12.0,119.0,78.0,6.0
164,21.0,24.0,21.0,275.0,118.0,3.0,20.0,88.0,263.0,1.0
165,10.0,52.0,12.0,19.0,130.0,6.0,26.0,221.0,218.0,1.0
166,13.0,6.0,17.0,95.0,166.0,4.0,16.0,150.0,100.0,2.0
167,35.0,21.0,18.0,164.0,210.0,2.0,23.0,155.0,138.0,0.0
168,41.0,24.0,19.0,102.0,191.0,1.0,16.0,207.0,80.0,4.0
169,44.0,34.0,19.0,490.0,83.0,2.0,28.0,332.0,80.0,2.0
170,20.0,26.0,19.0,301.0,97.0,4.0,19.0,262.0,150.0,1.0
171,17.0,27.0,16.0,147.0,123.0,1.0,23.0,220.0,174.0,1.0
172,41.0,13.0,24.0,63.0,333.0,1.0,18.0,175.0,136.0,2.0
173,24.0,20.0,10.0,228.0,119.0,4.0,23.0,227.0,179.0,2.0
174,34.0,10.0,21.0,201.0,191.0,2.0,14.0,128.0,66.0,3.0
175,17.0,35.0,19.0,116.0,106.0,4.0,7.0,222.0,89.0,2.0
176,41.0,3.0,17.0,141.0,148.0,1.0,11.0,67.0,143.0,4.0
177,24.0,28.0,14.0,175.0,108.0,3.0,20.0,132.0,214.0,3.0
178,20.0,37.0,19.0,165.0,229.0,1.0,19.0,125.0,260.0,0.0
179,18.0,17.0,18.0,259.0,64.0,2.0,22.0,194.0,139.0,1.0
180,16.0,24.0,20.0,365.0,36.0,2.0,19.0,197.0,169.0,3.0
181,10.0,26.0,15.0,24.0,182.0,3.0,16.0,149.0,193.0,3.0
182,7.0,23.0,16.0,200.0,69.0,3.0,14.0,98.0,155.0,0.0
183,34.0,10.0,16.0,168.0,108.0,1.0,14.0,188.0,89.0,8.0
184,7.0,9.0,17.0,148.0,102.0,1.0,15.0,64.0,208.0,3.0
185,3.0,31.0,12.0,42.0,156.0,5.0,18.0,219.0,151.0,2.0
186,9.0,7.0,13.0,0.0,232.0,1.0,9.0,58.0,114.0,2.0
187,14.0,26.0,9.0,46.0,72.0,3.0,19.0,146.0,214.0,2.0
188,28.0,40.0,17.0,229.0,86.0,3.0,20.0,235.0,197.0,1.0
189,14.0,24.0,16.0,168.0,113.0,2.0,21.0,193.0,153.0,2.0
190,33.0,13.0,16.0,59.0,267.0,4.0,10.0,108.0,41.0,8.0
191,14.0,20.0,21.0,264.0,93.0,4.0,11.0,76.0,132.0,1.0
192,20.0,28.0,15.0,173.0,117.0,6.0,15.0,141.0,147.0,3.0
193,20.0,17.0,18.0,219.0,134.0,3.0,19.0,151.0,168.0,2.0
194,23.0,24.0,24.0,156.0,276.0,3.0,20.0,203.0,155.0,3.0
195,14.0,34.0,12.0,184.0,39.0,0.0,21.0,70.0,304.0,1.0
196,16.0,24.0,17.0,210.0,138.0,6.0,16.0,110.0,180.0,2.0
197,23.0,21.0,22.0,235.0,146.0,1.0,20.0,248.0,67.0,0.0
198,12.0,16.0,7.0,33.0,106.0,3.0,17.0,0.0,223.0,2.0
199,17.0,21.0,14.0,280.0,41.0,3.0,23.0,167.0,159.0,0.0
200,0.0,24.0,11.0,34.0,139.0,4.0,18.0,115.0,206.0,2.0
201,20.0,35.0,11.0,128.0,60.0,3.0,24.0,89.0,266.0,0.0
202,13.0,20.0,18.0,155.0,136.0,2.0,17.0,41.0,264.0,1.0
203,22.0,27.0,18.0,235.0,77.0,2.0,20.0,214.0,111.0,1.0
204,26.0,20.0,27.0,236.0,189.0,0.0,22.0,216.0,124.0,0.0
205,21.0,16.0,15.0,99.0,123.0,2.0,18.0,120.0,163.0,4.0
206,17.0,14.0,17.0,139.0,131.0,3.0,13.0,120.0,116.0,4.0
207,27.0,14.0,21.0,261.0,114.0,2.0,14.0,150.0,153.0,3.0
208,20.0,10.0,12.0,131.0,95.0,1.0,12.0,94.0,126.0,3.0
209,45.0,38.0,24.0,260.0,130.0,0.0,33.0,373.0,82.0,4.0
210,14.0,42.0,17.0,150.0,111.0,5.0,26.0,52.0,309.0,0.0
211,30.0,24.0,24.0,127.0,291.0,2.0,25.0,208.0,131.0,1.0
212,36.0,7.0,24.0,207.0,173.0,1.0,15.0,248.0,72.0,5.0
213,21.0,29.0,17.0,190.0,115.0,2.0,25.0,233.0,174.0,2.0
214,0.0,43.0,12.0,60.0,116.0,8.0,22.0,176.0,261.0,2.0
215,28.0,45.0,17.0,259.0,82.0,3.0,24.0,188.0,212.0,0.0
216,23.0,24.0,25.0,167.0,199.0,1.0,22.0,287.0,148.0,3.0
217,7.0,27.0,15.0,122.0,147.0,2.0,14.0,214.0,128.0,2.0
218,19.0,52.0,19.0,237.0,82.0,4.0,26.0,277.0,225.0,3.0
219,6.0,37.0,22.0,166.0,157.0,3.0,23.0,267.0,209.0,3.0
220,7.0,20.0,16.0,129.0,141.0,4.0,21.0,113.0,213.0,0.0
221,30.0,28.0,21.0,156.0,205.0,1.0,21.0,261.0,163.0,5.0
222,16.0,24.0,24.0,182.0,139.0,3.0,23.0,109.0,249.0,0.0
223,21.0,31.0,13.0,-1.0,121.0,2.0,21.0,86.0,243.0,2.0
224,17.0,38.0,17.0,147.0,111.0,2.0,21.0,183.0,207.0,1.0
225,3.0,46.0,11.0,93.0,92.0,2.0,31.0,292.0,251.0,1.0
226,0.0,16.0,10.0,159.0,65.0,5.0,23.0,123.0,211.0,1.0
227,6.0,17.0,19.0,91.0,170.0,2.0,16.0,121.0,126.0,2.0
228,17.0,14.0,20.0,63.0,207.0,4.0,11.0,80.0,125.0,5.0
229,7.0,41.0,20.0,193.0,116.0,2.0,29.0,145.0,330.0,1.0
230,0.0,20.0,15.0,154.0,123.0,2.0,18.0,281.0,136.0,1.0
231,19.0,14.0,16.0,79.0,155.0,4.0,17.0,87.0,224.0,5.0
232,7.0,27.0,16.0,154.0,116.0,4.0,18.0,181.0,142.0,0.0
233,34.0,0.0,24.0,133.0,211.0,1.0,18.0,171.0,106.0,6.0
234,24.0,38.0,20.0,184.0,103.0,10.0,13.0,83.0,154.0,3.0
235,16.0,33.0,14.0,96.0,159.0,4.0,19.0,189.0,198.0,1.0
236,16.0,37.0,12.0,52.0,232.0,4.0,29.0,188.0,238.0,3.0
237,3.0,42.0,6.0,8.0,64.0,7.0,14.0,200.0,144.0,2.0
238,0.0,20.0,11.0,77.0,102.0,2.0,19.0,130.0,109.0,0.0
239,12.0,20.0,14.0,132.0,80.0,2.0,15.0,62.0,152.0,1.0
240,30.0,27.0,10.0,144.0,107.0,3.0,20.0,231.0,125.0,5.0
241,24.0,19.0,17.0,194.0,172.0,3.0,21.0,199.0,172.0,2.0
242,17.0,21.0,14.0,191.0,123.0,2.0,23.0,128.0,212.0,2.0
243,27.0,28.0,17.0,375.0,67.0,3.0,29.0,213.0,210.0,2.0
244,13.0,24.0,15.0,158.0,134.0,0.0,19.0,228.0,147.0,2.0
245,10.0,14.0,18.0,117.0,130.0,1.0,15.0,105.0,109.0,1.0
246,0.0,17.0,8.0,25.0,99.0,3.0,26.0,213.0,232.0,1.0
247,12.0,33.0,13.0,185.0,111.0,6.0,21.0,315.0,140.0,6.0
248,20.0,23.0,21.0,59.0,209.0,6.0,15.0,124.0,114.0,1.0
249,16.0,13.0,16.0,141.0,141.0,1.0,18.0,115.0,188.0,0.0
250,10.0,14.0,10.0,140.0,57.0,4.0,26.0,216.0,174.0,3.0
251,0.0,27.0,11.0,64.0,86.0,4.0,16.0,124.0,161.0,2.0
252,33.0,20.0,23.0,227.0,153.0,1.0,16.0,175.0,154.0,2.0
253,21.0,20.0,18.0,171.0,117.0,2.0,17.0,213.0,101.0,1.0
254,17.0,24.0,17.0,201.0,177.0,3.0,28.0,181.0,153.0,2.0
255,3.0,23.0,11.0,113.0,102.0,3.0,26.0,171.0,256.0,1.0
256,17.0,28.0,18.0,142.0,155.0,1.0,20.0,189.0,138.0,2.0
257,45.0,14.0,18.0,47.0,231.0,1.0,16.0,185.0,137.0,4.0
258,33.0,10.0,17.0,199.0,204.0,0.0,23.0,211.0,149.0,5.0
259,23.0,10.0,21.0,123.0,170.0,0.0,13.0,144.0,160.0,3.0
260,21.0,55.0,20.0,172.0,104.0,2.0,26.0,289.0,240.0,1.0
261,31.0,28.0,19.0,201.0,202.0,3.0,15.0,173.0,133.0,3.0
262,9.0,17.0,15.0,140.0,108.0,4.0,19.0,129.0,154.0,2.0
263,17.0,19.0,12.0,139.0,69.0,3.0,18.0,99.0,225.0,2.0
264,24.0,13.0,18.0,222.0,85.0,1.0,18.0,150.0,106.0,4.0
265,24.0,16.0,19.0,175.0,202.0,4.0,17.0,75.0,169.0,2.0
266,34.0,37.0,20.0,266.0,103.0,5.0,29.0,283.0,236.0,5.0
267,7.0,30.0,11.0,69.0,68.0,4.0,23.0,156.0,190.0,1.0
268,22.0,25.0,24.0,161.0,229.0,2.0,24.0,292.0,131.0,4.0
269,3.0,56.0,12.0,45.0,89.0,6.0,30.0,365.0,232.0,3.0
270,31.0,10.0,22.0,178.0,209.0,1.0,12.0,176.0,53.0,3.0
271,31.0,46.0,22.0,151.0,265.0,4.0,25.0,348.0,149.0,1.0
272,33.0,27.0,16.0,186.0,168.0,1.0,21.0,286.0,68.0,1.0
273,8.0,10.0,19.0,174.0,184.0,3.0,14.0,232.0,44.0,2.0
274,14.0,7.0,16.0,62.0,183.0,0.0,20.0,256.0,54.0,7.0
275,28.0,19.0,16.0,161.0,167.0,3.0,25.0,346.0,113.0,5.0
276,24.0,27.0,20.0,225.0,132.0,3.0,17.0,199.0,112.0,1.0
277,27.0,22.0,20.0,136.0,246.0,2.0,22.0,287.0,108.0,4.0
278,12.0,14.0,16.0,170.0,67.0,3.0,15.0,132.0,138.0,0.0
279,13.0,23.0,20.0,180.0,140.0,3.0,19.0,108.0,146.0,0.0
280,7.0,30.0,21.0,226.0,139.0,2.0,25.0,313.0,86.0,1.0
281,30.0,17.0,21.0,190.0,178.0,1.0,21.0,240.0,103.0,3.0
282,27.0,26.0,20.0,127.0,154.0,0.0,19.0,213.0,107.0,1.0
283,27.0,24.0,14.0,226.0,96.0,4.0,22.0,322.0,62.0,4.0
284,14.0,17.0,7.0,187.0,39.0,4.0,23.0,239.0,113.0,3.0
285,10.0,20.0,17.0,166.0,137.0,1.0,22.0,207.0,155.0,1.0
286,27.0,37.0,30.0,413.0,47.0,2.0,24.0,232.0,144.0,0.0
287,21.0,35.0,21.0,220.0,116.0,2.0,23.0,275.0,172.0,3.0
288,11.0,21.0,20.0,211.0,92.0,2.0,16.0,174.0,80.0,1.0
289,14.0,7.0,19.0,89.0,190.0,0.0,18.0,143.0,97.0,4.0
290,17.0,27.0,19.0,189.0,149.0,2.0,17.0,244.0,85.0,0.0
291,17.0,14.0,21.0,164.0,159.0,3.0,20.0,208.0,71.0,2.0
292,21.0,34.0,18.0,222.0,113.0,4.0,16.0,185.0,88.0,2.0
293,24.0,31.0,18.0,164.0,103.0,4.0,17.0,127.0,147.0,0.0
294,24.0,31.0,14.0,201.0,99.0,1.0,29.0,275.0,115.0,3.0
295,31.0,28.0,17.0,223.0,104.0,3.0,28.0,349.0,123.0,6.0
296,13.0,38.0,13.0,139.0,85.0,3.0,26.0,284.0,226.0,4.0
297,14.0,17.0,17.0,205.0,93.0,2.0,27.0,319.0,79.0,1.0
298,20.0,21.0,20.0,64.0,227.0,3.0,20.0,191.0,121.0,0.0
299,24.0,17.0,18.0,152.0,120.0,5.0,22.0,212.0,135.0,2.0
300,0.0,31.0,8.0,129.0,102.0,2.0,25.0,236.0,182.0,1.0
301,30.0,31.0,19.0,224.0,164.0,1.0,22.0,233.0,77.0,1.0
302,10.0,38.0,16.0,174.0,84.0,2.0,33.0,223.0,343.0,1.0
303,33.0,17.0,25.0,307.0,171.0,2.0,16.0,105.0,116.0,6.0
304,28.0,28.0,32.0,304.0,242.0,3.0,17.0,301.0,98.0,0.0
305,28.0,24.0,18.0,156.0,141.0,3.0,25.0,368.0,86.0,4.0
306,33.0,14.0,21.0,174.0,200.0,1.0,14.0,242.0,46.0,3.0
307,3.0,19.0,15.0,101.0,118.0,4.0,26.0,163.0,217.0,1.0
308,26.0,7.0,13.0,185.0,114.0,1.0,10.0,111.0,55.0,3.0
309,41.0,14.0,28.0,271.0,122.0,0.0,21.0,218.0,114.0,2.0
310,17.0,6.0,17.0,60.0,166.0,1.0,15.0,105.0,92.0,2.0
311,16.0,15.0,21.0,165.0,120.0,2.0,13.0,41.0,146.0,2.0
312,25.0,0.0,22.0,139.0,161.0,0.0,11.0,103.0,49.0,1.0
313,23.0,27.0,23.0,276.0,119.0,3.0,18.0,256.0,127.0,4.0
314,14.0,13.0,18.0,150.0,164.0,2.0,17.0,260.0,74.0,2.0
315,28.0,3.0,22.0,240.0,153.0,4.0,8.0,39.0,45.0,3.0
316,28.0,45.0,20.0,197.0,144.0,4.0,25.0,113.0,210.0,2.0
317,31.0,7.0,30.0,142.0,254.0,2.0,5.0,-4.0,61.0,3.0
318,37.0,0.0,29.0,249.0,227.0,0.0,17.0,230.0,88.0,3.0
319,15.0,13.0,20.0,221.0,134.0,2.0,17.0,211.0,52.0,1.0
320,28.0,13.0,21.0,350.0,87.0,3.0,15.0,170.0,104.0,5.0
321,32.0,17.0,22.0,169.0,138.0,2.0,15.0,204.0,47.0,5.0
322,19.0,20.0,17.0,166.0,108.0,2.0,16.0,184.0,120.0,3.0
323,42.0,14.0,15.0,232.0,92.0,1.0,28.0,329.0,155.0,3.0
324,13.0,37.0,19.0,175.0,133.0,2.0,22.0,209.0,146.0,1.0
325,41.0,29.0,25.0,140.0,251.0,1.0,23.0,354.0,134.0,4.0
326,10.0,17.0,16.0,205.0,174.0,7.0,19.0,76.0,196.0,3.0
327,13.0,23.0,19.0,177.0,89.0,0.0,22.0,70.0,328.0,0.0
328,27.0,24.0,25.0,403.0,81.0,3.0,19.0,222.0,203.0,4.0
329,34.0,10.0,24.0,206.0,210.0,2.0,16.0,151.0,65.0,5.0
330,7.0,10.0,19.0,188.0,124.0,2.0,18.0,267.0,66.0,2.0
331,14.0,32.0,23.0,221.0,121.0,6.0,12.0,215.0,51.0,1.0
332,21.0,27.0,19.0,221.0,183.0,2.0,19.0,277.0,130.0,2.0
333,27.0,13.0,21.0,178.0,186.0,1.0,17.0,227.0,85.0,2.0
334,14.0,17.0,18.0,196.0,102.0,4.0,15.0,99.0,132.0,0.0
335,17.0,24.0,18.0,236.0,89.0,3.0,20.0,245.0,69.0,2.0
336,31.0,28.0,18.0,205.0,84.0,2.0,20.0,162.0,239.0,2.0
337,26.0,3.0,21.0,305.0,116.0,2.0,12.0,112.0,96.0,2.0
338,10.0,6.0,20.0,132.0,151.0,3.0,19.0,164.0,160.0,4.0
339,7.0,34.0,13.0,215.0,36.0,5.0,22.0,138.0,242.0,1.0
340,14.0,34.0,14.0,197.0,71.0,4.0,25.0,144.0,182.0,2.0
341,23.0,14.0,23.0,153.0,155.0,3.0,19.0,172.0,122.0,5.0
342,17.0,23.0,11.0,95.0,73.0,4.0,19.0,172.0,121.0,2.0
343,43.0,23.0,25.0,219.0,178.0,0.0,20.0,339.0,86.0,6.0
344,28.0,26.0,23.0,248.0,143.0,3.0,24.0,304.0,87.0,1.0
345,21.0,28.0,19.0,258.0,115.0,1.0,29.0,354.0,122.0,1.0
346,17.0,16.0,21.0,158.0,172.0,1.0,20.0,125.0,205.0,1.0
347,24.0,20.0,19.0,144.0,192.0,3.0,26.0,267.0,117.0,1.0
348,28.0,7.0,23.0,258.0,115.0,0.0,16.0,84.0,121.0,2.0
349,20.0,30.0,19.0,132.0,166.0,2.0,23.0,244.0,122.0,1.0
350,17.0,31.0,14.0,86.0,200.0,2.0,24.0,407.0,100.0,4.0
351,5.0,9.0,7.0,65.0,78.0,2.0,11.0,50.0,153.0,0.0
352,20.0,31.0,20.0,203.0,138.0,2.0,20.0,215.0,187.0,2.0
353,17.0,28.0,26.0,235.0,166.0,1.0,25.0,183.0,154.0,1.0
354,10.0,20.0,20.0,341.0,67.0,3.0,26.0,216.0,169.0,1.0
355,21.0,17.0,21.0,203.0,140.0,4.0,11.0,140.0,82.0,3.0
356,21.0,41.0,19.0,161.0,91.0,3.0,28.0,230.0,116.0,2.0
357,0.0,31.0,14.0,131.0,62.0,2.0,19.0,234.0,122.0,0.0
358,42.0,3.0,27.0,244.0,288.0,0.0,16.0,188.0,82.0,5.0
359,24.0,3.0,15.0,120.0,106.0,0.0,10.0,122.0,71.0,4.0
360,25.0,20.0,23.0,227.0,165.0,1.0,17.0,217.0,103.0,1.0
361,29.0,20.0,21.0,178.0,77.0,1.0,25.0,212.0,89.0,1.0
362,23.0,7.0,27.0,231.0,245.0,0.0,13.0,126.0,74.0,1.0
363,13.0,20.0,13.0,220.0,83.0,3.0,20.0,155.0,129.0,1.0
364,17.0,14.0,22.0,123.0,212.0,3.0,14.0,114.0,138.0,3.0
365,35.0,17.0,19.0,148.0,201.0,3.0,15.0,205.0,53.0,5.0
366,17.0,21.0,27.0,371.0,120.0,2.0,19.0,347.0,53.0,5.0
367,62.0,28.0,35.0,379.0,202.0,3.0,15.0,190.0,22.0,5.0
368,16.0,13.0,20.0,291.0,110.0,2.0,21.0,225.0,174.0,2.0
369,20.0,31.0,23.0,239.0,118.0,2.0,18.0,264.0,66.0,1.0
370,27.0,7.0,24.0,367.0,118.0,2.0,22.0,350.0,86.0,4.0
371,6.0,19.0,11.0,89.0,70.0,3.0,20.0,203.0,116.0,1.0
372,37.0,10.0,23.0,226.0,135.0,2.0,12.0,104.0,138.0,3.0
373,28.0,24.0,19.0,287.0,103.0,0.0,19.0,289.0,79.0,2.0
374,6.0,20.0,14.0,151.0,70.0,3.0,21.0,138.0,127.0,1.0
375,51.0,45.0,32.0,449.0,132.0,4.0,27.0,435.0,50.0,3.0
376,26.0,7.0,17.0,166.0,85.0,5.0,16.0,230.0,52.0,4.0
377,14.0,13.0,20.0,272.0,110.0,1.0,16.0,194.0,126.0,1.0
378,31.0,24.0,24.0,145.0,177.0,0.0,19.0,383.0,17.0,2.0
379,22.0,10.0,20.0,74.0,137.0,0.0,19.0,232.0,47.0,3.0
380,28.0,23.0,20.0,226.0,55.0,2.0,21.0,243.0,61.0,5.0
381,38.0,7.0,22.0,427.0,126.0,0.0,16.0,271.0,51.0,3.0
382,28.0,14.0,22.0,322.0,104.0,0.0,23.0,305.0,88.0,2.0
383,31.0,16.0,19.0,218.0,142.0,4.0,23.0,350.0,58.0,6.0
384,3.0,45.0,17.0,191.0,89.0,4.0,31.0,325.0,189.0,0.0
385,3.0,17.0,19.0,261.0,89.0,4.0,14.0,155.0,138.0,2.0
386,10.0,24.0,16.0,161.0,38.0,3.0,27.0,234.0,198.0,1.0
387,24.0,45.0,22.0,223.0,146.0,4.0,25.0,189.0,175.0,1.0
388,21.0,52.0,16.0,73.0,126.0,3.0,32.0,416.0,205.0,2.0
389,31.0,28.0,26.0,261.0,133.0,1.0,23.0,292.0,67.0,1.0
390,43.0,24.0,21.0,281.0,127.0,2.0,17.0,145.0,48.0,2.0
391,24.0,38.0,22.0,159.0,82.0,5.0,14.0,132.0,114.0,4.0
392,0.0,6.0,16.0,145.0,66.0,5.0,14.0,96.0,174.0,2.0
393,37.0,31.0,24.0,294.0,183.0,5.0,30.0,286.0,128.0,6.0
394,16.0,17.0,14.0,126.0,74.0,1.0,16.0,275.0,103.0,2.0
395,14.0,19.0,15.0,129.0,101.0,3.0,21.0,191.0,186.0,0.0
396,30.0,14.0,23.0,210.0,132.0,1.0,17.0,164.0,111.0,4.0
397,16.0,9.0,19.0,102.0,227.0,0.0,18.0,195.0,104.0,3.0
398,14.0,17.0,21.0,192.0,126.0,1.0,15.0,204.0,127.0,1.0
399,27.0,20.0,20.0,205.0,123.0,2.0,21.0,233.0,106.0,2.0
400,28.0,37.0,13.0,216.0,40.0,2.0,30.0,293.0,139.0,1.0
401,20.0,42.0,24.0,197.0,111.0,3.0,19.0,171.0,129.0,0.0
402,27.0,38.0,21.0,276.0,78.0,3.0,22.0,265.0,143.0,1.0
403,7.0,20.0,13.0,166.0,68.0,0.0,23.0,264.0,156.0,0.0
404,3.0,28.0,16.0,92.0,87.0,2.0,20.0,249.0,94.0,2.0
405,23.0,3.0,22.0,248.0,154.0,1.0,12.0,186.0,36.0,3.0
406,45.0,3.0,28.0,302.0,93.0,1.0,15.0,102.0,135.0,4.0
407,17.0,10.0,19.0,230.0,86.0,1.0,12.0,97.0,86.0,1.0
408,17.0,17.0,31.0,270.0,272.0,4.0,17.0,261.0,124.0,2.0
409,19.0,36.0,16.0,117.0,109.0,1.0,23.0,196.0,206.0,2.0
410,14.0,37.0,10.0,154.0,45.0,2.0,24.0,292.0,135.0,1.0
411,44.0,30.0,24.0,174.0,159.0,1.0,29.0,521.0,63.0,6.0
412,24.0,20.0,15.0,112.0,84.0,1.0,15.0,209.0,143.0,4.0
413,14.0,38.0,20.0,182.0,91.0,2.0,22.0,196.0,140.0,3.0
414,13.0,14.0,17.0,109.0,189.0,3.0,13.0,78.0,177.0,3.0
415,6.0,9.0,16.0,119.0,140.0,1.0,20.0,112.0,229.0,2.0
416,38.0,34.0,39.0,426.0,171.0,2.0,20.0,353.0,87.0,1.0
417,34.0,38.0,21.0,192.0,179.0,2.0,26.0,267.0,163.0,2.0
418,34.0,16.0,22.0,158.0,173.0,3.0,18.0,220.0,109.0,3.0
419,27.0,21.0,15.0,198.0,100.0,0.0,24.0,170.0,197.0,1.0
420,24.0,27.0,14.0,255.0,49.0,1.0,26.0,273.0,154.0,3.0
421,24.0,38.0,21.0,246.0,136.0,4.0,18.0,192.0,85.0,1.0
422,40.0,33.0,25.0,309.0,102.0,2.0,30.0,446.0,78.0,2.0
423,10.0,17.0,18.0,182.0,63.0,2.0,17.0,242.0,74.0,2.0
424,7.0,14.0,20.0,302.0,90.0,2.0,14.0,185.0,130.0,1.0
425,14.0,29.0,15.0,199.0,52.0,4.0,20.0,266.0,152.0,4.0
426,3.0,34.0,9.0,115.0,39.0,3.0,22.0,139.0,204.0,0.0
427,10.0,23.0,19.0,121.0,130.0,2.0,20.0,240.0,159.0,1.0
428,27.0,26.0,19.0,374.0,112.0,0.0,27.0,318.0,135.0,1.0
429,23.0,31.0,23.0,274.0,136.0,3.0,19.0,344.0,103.0,3.0
430,10.0,27.0,22.0,244.0,110.0,3.0,23.0,239.0,185.0,0.0
431,27.0,7.0,24.0,138.0,180.0,2.0,12.0,147.0,66.0,1.0
432,20.0,17.0,19.0,68.0,181.0,4.0,14.0,187.0,71.0,2.0
433,0.0,13.0,19.0,243.0,70.0,3.0,17.0,160.0,157.0,1.0
434,14.0,38.0,14.0,199.0,92.0,4.0,21.0,272.0,150.0,1.0
435,0.0,37.0,11.0,146.0,54.0,2.0,28.0,208.0,233.0,1.0
436,20.0,25.0,21.0,270.0,72.0,3.0,18.0,192.0,111.0,2.0
437,24.0,21.0,21.0,192.0,170.0,0.0,13.0,215.0,44.0,2.0
438,7.0,30.0,17.0,125.0,124.0,2.0,23.0,159.0,292.0,1.0
439,37.0,13.0,25.0,275.0,224.0,2.0,18.0,169.0,89.0,4.0
440,16.0,20.0,22.0,228.0,114.0,0.0,21.0,262.0,72.0,0.0
441,3.0,39.0,9.0,53.0,95.0,2.0,22.0,188.0,224.0,3.0
442,27.0,30.0,23.0,192.0,150.0,1.0,24.0,276.0,129.0,1.0
443,17.0,12.0,13.0,142.0,87.0,1.0,28.0,343.0,82.0,2.0
444,24.0,9.0,15.0,71.0,116.0,0.0,18.0,226.0,95.0,2.0
445,3.0,17.0,11.0,66.0,88.0,3.0,24.0,192.0,128.0,3.0
446,14.0,17.0,22.0,304.0,121.0,1.0,15.0,225.0,88.0,1.0
447,7.0,24.0,8.0,100.0,73.0,2.0,22.0,175.0,158.0,3.0
448,17.0,38.0,21.0,207.0,145.0,3.0,20.0,220.0,189.0,1.0
449,21.0,29.0,21.0,146.0,154.0,1.0,18.0,217.0,156.0,0.0
450,42.0,7.0,29.0,226.0,239.0,2.0,18.0,210.0,91.0,1.0
451,16.0,14.0,17.0,162.0,155.0,1.0,16.0,168.0,70.0,3.0
452,16.0,13.0,19.0,152.0,119.0,0.0,15.0,190.0,87.0,2.0
453,13.0,20.0,18.0,158.0,158.0,4.0,18.0,193.0,97.0,2.0
454,20.0,23.0,25.0,220.0,168.0,2.0,22.0,240.0,64.0,2.0
455,13.0,19.0,24.0,177.0,169.0,1.0,26.0,289.0,104.0,1.0
456,41.0,23.0,20.0,221.0,206.0,0.0,19.0,278.0,46.0,2.0
457,17.0,14.0,18.0,211.0,76.0,1.0,14.0,131.0,106.0,1.0
458,20.0,23.0,21.0,236.0,43.0,1.0,25.0,409.0,27.0,3.0
459,17.0,6.0,19.0,193.0,138.0,1.0,11.0,79.0,91.0,1.0
460,19.0,16.0,17.0,172.0,121.0,1.0,15.0,171.0,91.0,3.0
461,27.0,28.0,24.0,318.0,118.0,1.0,16.0,239.0,43.0,3.0
462,28.0,21.0,25.0,309.0,113.0,2.0,24.0,351.0,75.0,4.0
463,24.0,3.0,21.0,176.0,138.0,1.0,18.0,105.0,186.0,4.0
464,13.0,24.0,20.0,172.0,121.0,3.0,24.0,242.0,152.0,4.0
465,20.0,34.0,19.0,154.0,132.0,5.0,15.0,235.0,101.0,1.0
466,3.0,6.0,18.0,159.0,109.0,1.0,14.0,100.0,126.0,3.0
467,23.0,20.0,23.0,128.0,231.0,1.0,22.0,287.0,46.0,1.0
468,17.0,20.0,21.0,343.0,68.0,2.0,17.0,189.0,117.0,0.0
469,10.0,27.0,12.0,129.0,110.0,7.0,17.0,155.0,215.0,5.0
470,14.0,31.0,15.0,245.0,66.0,1.0,19.0,204.0,131.0,2.0
471,10.0,18.0,21.0,181.0,149.0,4.0,15.0,151.0,118.0,3.0
472,30.0,21.0,20.0,195.0,117.0,2.0,14.0,207.0,75.0,3.0
473,3.0,6.0,8.0,73.0,74.0,1.0,22.0,183.0,99.0,1.0
474,20.0,24.0,22.0,184.0,142.0,2.0,21.0,208.0,165.0,2.0
475,26.0,14.0,21.0,203.0,160.0,1.0,11.0,213.0,83.0,2.0
476,16.0,27.0,15.0,182.0,159.0,2.0,19.0,261.0,114.0,4.0
477,17.0,14.0,17.0,98.0,173.0,2.0,16.0,79.0,148.0,3.0
478,3.0,24.0,11.0,89.0,77.0,3.0,17.0,96.0,164.0,1.0
479,7.0,23.0,15.0,189.0,62.0,1.0,21.0,203.0,93.0,0.0
480,24.0,17.0,17.0,151.0,124.0,1.0,21.0,204.0,147.0,4.0
481,6.0,10.0,15.0,142.0,104.0,5.0,15.0,220.0,64.0,2.0
482,17.0,19.0,12.0,158.0,112.0,2.0,14.0,203.0,91.0,3.0
483,0.0,20.0,10.0,117.0,55.0,3.0,17.0,185.0,95.0,4.0
484,20.0,26.0,20.0,351.0,71.0,3.0,18.0,254.0,99.0,1.0
485,24.0,14.0,22.0,323.0,106.0,1.0,14.0,267.0,27.0,2.0
486,45.0,7.0,21.0,221.0,167.0,0.0,15.0,180.0,31.0,3.0
487,30.0,35.0,19.0,297.0,115.0,3.0,18.0,191.0,112.0,2.0
488,20.0,24.0,21.0,190.0,96.0,2.0,22.0,309.0,105.0,5.0
489,10.0,19.0,15.0,159.0,78.0,4.0,27.0,216.0,197.0,3.0
490,10.0,6.0,17.0,129.0,127.0,1.0,17.0,141.0,124.0,2.0
491,27.0,10.0,24.0,256.0,100.0,1.0,15.0,289.0,48.0,2.0
492,31.0,17.0,27.0,256.0,202.0,1.0,15.0,123.0,92.0,1.0
493,17.0,12.0,21.0,177.0,111.0,0.0,14.0,176.0,50.0,2.0
494,6.0,0.0,14.0,174.0,120.0,1.0,14.0,134.0,155.0,2.0
495,6.0,9.0,15.0,145.0,122.0,3.0,7.0,102.0,67.0,1.0
496,3.0,0.0,17.0,98.0,210.0,1.0,7.0,111.0,39.0,1.0
497,7.0,28.0,23.0,214.0,81.0,4.0,19.0,235.0,129.0,5.0
498,14.0,16.0,19.0,232.0,120.0,1.0,19.0,256.0,90.0,3.0
499,0.0,24.0,9.0,110.0,54.0,2.0,25.0,255.0,108.0,2.0
500,23.0,3.0,17.0,214.0,116.0,1.0,13.0,166.0,43.0,3.0
501,25.0,22.0,19.0,287.0,79.0,2.0,22.0,316.0,85.0,1.0
502,14.0,28.0,18.0,284.0,59.0,4.0,26.0,289.0,155.0,2.0
503,7.0,19.0,17.0,161.0,164.0,3.0,17.0,122.0,104.0,0.0
504,7.0,27.0,19.0,274.0,72.0,3.0,18.0,246.0,117.0,0.0
505,16.0,6.0,14.0,100.0,150.0,1.0,10.0,90.0,141.0,4.0
506,24.0,17.0,17.0,70.0,172.0,2.0,19.0,220.0,104.0,4.0
507,25.0,28.0,14.0,199.0,57.0,1.0,22.0,151.0,179.0,5.0
508,22.0,17.0,17.0,174.0,94.0,1.0,18.0,187.0,95.0,2.0
509,10.0,17.0,16.0,199.0,116.0,1.0,14.0,172.0,62.0,1.0
510,31.0,21.0,17.0,220.0,62.0,1.0,26.0,374.0,87.0,4.0
511,24.0,28.0,25.0,365.0,76.0,2.0,22.0,359.0,38.0,4.0
512,13.0,24.0,13.0,155.0,64.0,1.0,20.0,191.0,135.0,2.0
513,7.0,18.0,14.0,141.0,120.0,1.0,19.0,189.0,137.0,1.0
514,6.0,21.0,14.0,167.0,76.0,1.0,24.0,251.0,152.0,2.0
515,10.0,24.0,14.0,127.0,89.0,3.0,25.0,206.0,175.0,3.0
516,14.0,52.0,16.0,195.0,64.0,6.0,22.0,251.0,111.0,4.0
517,24.0,27.0,21.0,198.0,146.0,3.0,25.0,239.0,122.0,3.0
518,27.0,10.0,23.0,296.0,79.0,1.0,20.0,105.0,146.0,3.0
519,3.0,13.0,16.0,176.0,94.0,4.0,24.0,200.0,148.0,2.0
520,10.0,47.0,15.0,147.0,94.0,3.0,25.0,237.0,220.0,0.0
521,10.0,29.0,14.0,122.0,51.0,4.0,22.0,98.0,220.0,2.0
522,15.0,26.0,7.0,113.0,25.0,3.0,15.0,132.0,133.0,3.0
523,17.0,16.0,12.0,143.0,57.0,2.0,21.0,174.0,146.0,4.0
524,10.0,17.0,19.0,140.0,101.0,1.0,10.0,62.0,52.0,0.0
525,7.0,20.0,20.0,123.0,132.0,2.0,18.0,173.0,172.0,2.0
526,26.0,28.0,17.0,277.0,74.0,3.0,20.0,285.0,88.0,1.0
527,16.0,10.0,17.0,143.0,112.0,1.0,14.0,118.0,74.0,3.0
528,20.0,23.0,13.0,188.0,61.0,2.0,13.0,134.0,76.0,4.0
529,28.0,31.0,23.0,254.0,92.0,4.0,18.0,167.0,160.0,3.0
530,6.0,23.0,10.0,134.0,30.0,0.0,21.0,166.0,108.0,0.0
531,0.0,12.0,11.0,139.0,67.0,3.0,13.0,199.0,40.0,0.0
532,6.0,31.0,12.0,72.0,116.0,4.0,21.0,167.0,200.0,3.0
533,7.0,21.0,21.0,290.0,69.0,2.0,17.0,225.0,66.0,1.0
534,27.0,36.0,20.0,304.0,74.0,3.0,20.0,251.0,194.0,2.0
535,6.0,13.0,13.0,130.0,78.0,2.0,12.0,110.0,91.0,2.0
536,16.0,31.0,27.0,287.0,156.0,1.0,18.0,257.0,139.0,0.0
537,13.0,34.0,20.0,171.0,111.0,2.0,26.0,182.0,222.0,1.0
538,17.0,21.0,23.0,276.0,91.0,2.0,10.0,217.0,72.0,0.0
539,22.0,25.0,19.0,253.0,64.0,4.0,23.0,195.0,138.0,1.0
540,31.0,21.0,27.0,246.0,208.0,3.0,19.0,246.0,107.0,1.0
541,27.0,31.0,28.0,280.0,142.0,1.0,21.0,275.0,68.0,3.0
542,29.0,34.0,21.0,332.0,87.0,5.0,14.0,151.0,152.0,3.0
543,10.0,35.0,22.0,229.0,112.0,5.0,17.0,267.0,81.0,2.0
544,10.0,35.0,15.0,185.0,79.0,3.0,18.0,142.0,243.0,1.0
545,10.0,34.0,16.0,202.0,42.0,2.0,27.0,248.0,119.0,1.0
546,20.0,21.0,14.0,173.0,71.0,5.0,15.0,172.0,151.0,4.0
547,28.0,31.0,21.0,195.0,83.0,2.0,26.0,259.0,157.0,1.0
548,41.0,3.0,28.0,270.0,164.0,0.0,16.0,163.0,84.0,2.0
549,22.0,28.0,12.0,163.0,39.0,2.0,15.0,193.0,76.0,3.0
550,24.0,27.0,22.0,225.0,130.0,3.0,23.0,162.0,213.0,3.0
551,23.0,22.0,16.0,220.0,83.0,1.0,26.0,339.0,129.0,0.0
552,31.0,14.0,28.0,212.0,190.0,1.0,10.0,149.0,66.0,1.0
553,16.0,12.0,13.0,128.0,78.0,1.0,20.0,265.0,45.0,3.0
554,20.0,31.0,20.0,288.0,81.0,1.0,25.0,372.0,93.0,0.0
555,24.0,19.0,22.0,254.0,76.0,0.0,19.0,267.0,105.0,1.0
556,19.0,16.0,15.0,160.0,65.0,0.0,23.0,288.0,159.0,2.0
557,17.0,24.0,20.0,303.0,79.0,2.0,21.0,176.0,120.0,0.0
558,23.0,15.0,11.0,116.0,77.0,1.0,27.0,307.0,49.0,5.0
559,23.0,21.0,22.0,227.0,130.0,3.0,19.0,312.0,74.0,1.0
560,10.0,20.0,16.0,264.0,30.0,2.0,19.0,139.0,197.0,1.0
561,14.0,22.0,12.0,93.0,33.0,1.0,19.0,173.0,193.0,0.0
562,31.0,0.0,14.0,112.0,122.0,1.0,6.0,21.0,90.0,3.0
563,10.0,13.0,20.0,207.0,108.0,3.0,13.0,95.0,206.0,0.0
564,30.0,36.0,25.0,406.0,59.0,1.0,26.0,350.0,207.0,1.0
565,10.0,24.0,18.0,224.0,52.0,3.0,16.0,209.0,122.0,1.0
566,44.0,6.0,28.0,203.0,302.0,2.0,21.0,190.0,120.0,2.0
567,20.0,9.0,22.0,172.0,117.0,1.0,11.0,119.0,34.0,3.0
568,10.0,30.0,14.0,123.0,54.0,5.0,18.0,178.0,141.0,1.0
569,24.0,14.0,25.0,271.0,121.0,0.0,19.0,181.0,110.0,1.0
570,28.0,3.0,21.0,192.0,119.0,0.0,13.0,152.0,55.0,3.0
571,20.0,17.0,17.0,253.0,53.0,1.0,13.0,112.0,92.0,3.0
572,34.0,12.0,23.0,277.0,121.0,3.0,11.0,134.0,48.0,2.0
573,23.0,24.0,20.0,212.0,157.0,2.0,23.0,267.0,90.0,2.0
574,24.0,3.0,22.0,231.0,130.0,0.0,12.0,129.0,94.0,1.0
575,48.0,21.0,21.0,255.0,201.0,0.0,15.0,134.0,82.0,1.0
576,32.0,31.0,31.0,418.0,70.0,3.0,13.0,271.0,106.0,4.0
577,21.0,16.0,16.0,232.0,82.0,2.0,22.0,278.0,79.0,2.0
578,17.0,10.0,14.0,177.0,92.0,0.0,21.0,217.0,149.0,2.0
579,31.0,10.0,21.0,190.0,149.0,1.0,9.0,119.0,130.0,1.0
580,28.0,30.0,19.0,257.0,106.0,4.0,16.0,326.0,70.0,2.0
581,3.0,17.0,11.0,116.0,74.0,0.0,23.0,160.0,224.0,1.0
582,20.0,27.0,19.0,195.0,142.0,2.0,21.0,237.0,96.0,0.0
583,21.0,13.0,23.0,224.0,110.0,2.0,17.0,218.0,108.0,6.0
584,6.0,16.0,13.0,141.0,89.0,2.0,16.0,197.0,125.0,1.0
585,13.0,16.0,16.0,125.0,156.0,2.0,19.0,210.0,108.0,1.0
586,23.0,24.0,14.0,147.0,177.0,2.0,24.0,344.0,117.0,4.0
587,12.0,7.0,15.0,111.0,184.0,0.0,10.0,151.0,55.0,1.0
588,24.0,17.0,19.0,153.0,188.0,2.0,16.0,150.0,79.0,3.0
589,17.0,7.0,14.0,113.0,95.0,0.0,14.0,205.0,68.0,3.0
590,6.0,13.0,14.0,88.0,126.0,0.0,23.0,187.0,100.0,3.0
591,28.0,41.0,18.0,276.0,15.0,0.0,25.0,338.0,152.0,1.0
592,28.0,20.0,18.0,225.0,95.0,1.0,20.0,246.0,73.0,2.0
593,22.0,21.0,19.0,229.0,126.0,2.0,16.0,152.0,195.0,2.0
594,38.0,31.0,16.0,189.0,101.0,1.0,25.0,322.0,100.0,3.0
595,19.0,9.0,20.0,202.0,177.0,2.0,14.0,233.0,33.0,2.0
596,20.0,16.0,24.0,261.0,118.0,1.0,13.0,149.0,62.0,2.0
597,20.0,19.0,18.0,271.0,59.0,1.0,21.0,193.0,100.0,0.0
598,27.0,14.0,15.0,188.0,91.0,1.0,16.0,274.0,80.0,4.0
599,21.0,17.0,16.0,198.0,98.0,3.0,12.0,120.0,119.0,4.0
600,3.0,20.0,12.0,94.0,112.0,4.0,21.0,137.0,193.0,0.0
601,34.0,17.0,20.0,130.0,164.0,1.0,16.0,198.0,51.0,6.0
602,40.0,37.0,31.0,376.0,79.0,4.0,20.0,235.0,198.0,3.0
603,20.0,23.0,19.0,286.0,51.0,4.0,18.0,252.0,86.0,0.0
604,23.0,30.0,22.0,293.0,88.0,3.0,23.0,317.0,130.0,1.0
605,15.0,23.0,22.0,271.0,96.0,2.0,25.0,210.0,148.0,1.0
606,20.0,3.0,18.0,106.0,133.0,2.0,10.0,117.0,83.0,4.0
607,17.0,10.0,17.0,218.0,59.0,1.0,13.0,98.0,135.0,3.0
608,27.0,17.0,26.0,280.0,211.0,1.0,21.0,326.0,49.0,3.0
609,7.0,31.0,14.0,290.0,10.0,4.0,17.0,150.0,180.0,1.0
610,7.0,10.0,12.0,189.0,51.0,2.0,16.0,78.0,210.0,1.0
611,20.0,34.0,22.0,473.0,51.0,6.0,5.0,78.0,64.0,2.0
612,24.0,45.0,17.0,192.0,138.0,2.0,22.0,222.0,154.0,3.0
613,10.0,3.0,14.0,127.0,111.0,0.0,15.0,201.0,107.0,4.0
614,17.0,19.0,16.0,186.0,82.0,0.0,21.0,126.0,233.0,1.0
615,42.0,36.0,21.0,173.0,162.0,0.0,26.0,311.0,162.0,5.0
616,21.0,17.0,19.0,140.0,128.0,0.0,19.0,233.0,115.0,4.0
617,14.0,34.0,17.0,134.0,132.0,1.0,22.0,214.0,234.0,2.0
618,13.0,12.0,17.0,172.0,186.0,4.0,7.0,70.0,92.0,1.0
619,16.0,9.0,12.0,130.0,142.0,2.0,13.0,138.0,108.0,4.0
620,27.0,7.0,22.0,179.0,174.0,2.0,16.0,124.0,100.0,4.0
621,24.0,0.0,11.0,76.0,86.0,0.0,15.0,176.0,78.0,5.0
622,16.0,17.0,18.0,157.0,131.0,2.0,14.0,191.0,73.0,0.0
623,7.0,18.0,14.0,159.0,61.0,0.0,23.0,211.0,134.0,0.0
624,15.0,14.0,17.0,196.0,113.0,0.0,17.0,128.0,120.0,3.0
625,29.0,28.0,26.0,285.0,166.0,2.0,18.0,260.0,133.0,2.0
626,9.0,14.0,19.0,227.0,148.0,3.0,19.0,176.0,192.0,1.0
627,24.0,22.0,14.0,208.0,94.0,3.0,17.0,218.0,119.0,0.0
628,37.0,31.0,18.0,193.0,73.0,1.0,26.0,242.0,142.0,3.0
629,7.0,44.0,9.0,168.0,32.0,2.0,24.0,269.0,163.0,2.0
630,3.0,30.0,13.0,131.0,58.0,4.0,21.0,183.0,211.0,0.0
631,3.0,28.0,18.0,267.0,78.0,4.0,20.0,160.0,223.0,0.0
632,25.0,29.0,23.0,212.0,147.0,1.0,24.0,289.0,215.0,1.0
633,20.0,7.0,21.0,316.0,91.0,0.0,21.0,288.0,101.0,4.0
634,21.0,24.0,14.0,175.0,66.0,3.0,18.0,279.0,55.0,0.0
635,44.0,13.0,21.0,248.0,165.0,0.0,15.0,170.0,73.0,3.0
636,13.0,10.0,19.0,167.0,97.0,0.0,15.0,210.0,69.0,2.0
637,31.0,14.0,26.0,219.0,189.0,1.0,13.0,171.0,108.0,1.0
638,31.0,13.0,22.0,170.0,155.0,0.0,17.0,170.0,88.0,3.0
639,20.0,26.0,18.0,242.0,32.0,2.0,25.0,313.0,98.0,0.0
640,19.0,13.0,18.0,217.0,64.0,0.0,21.0,258.0,111.0,1.0
641,13.0,20.0,19.0,200.0,134.0,1.0,20.0,161.0,105.0,0.0
642,30.0,17.0,19.0,285.0,108.0,0.0,14.0,119.0,97.0,2.0
643,42.0,17.0,22.0,208.0,129.0,0.0,19.0,208.0,114.0,1.0
644,13.0,16.0,11.0,101.0,57.0,0.0,17.0,167.0,160.0,2.0
645,10.0,21.0,17.0,366.0,21.0,1.0,23.0,189.0,187.0,1.0
646,16.0,23.0,16.0,264.0,65.0,1.0,19.0,147.0,147.0,1.0
647,6.0,17.0,15.0,219.0,66.0,2.0,18.0,158.0,202.0,1.0
648,30.0,3.0,13.0,115.0,118.0,0.0,15.0,140.0,53.0,4.0
649,19.0,14.0,18.0,160.0,140.0,0.0,17.0,156.0,169.0,0.0
650,17.0,24.0,22.0,252.0,125.0,2.0,23.0,112.0,194.0,2.0
651,28.0,31.0,28.0,260.0,132.0,4.0,23.0,298.0,115.0,0.0
652,27.0,24.0,16.0,269.0,155.0,0.0,24.0,186.0,169.0,1.0
653,31.0,38.0,12.0,192.0,132.0,0.0,30.0,393.0,145.0,0.0
654,13.0,10.0,17.0,221.0,61.0,1.0,20.0,172.0,158.0,2.0
655,24.0,17.0,19.0,223.0,97.0,2.0,19.0,263.0,84.0,2.0
656,6.0,17.0,14.0,127.0,88.0,1.0,19.0,53.0,203.0,2.0
657,6.0,0.0,15.0,144.0,175.0,1.0,16.0,137.0,94.0,0.0
658,16.0,21.0,22.0,212.0,109.0,5.0,13.0,138.0,133.0,1.0
659,21.0,23.0,19.0,191.0,94.0,0.0,20.0,316.0,81.0,1.0
660,31.0,24.0,24.0,219.0,219.0,1.0,19.0,238.0,113.0,2.0
661,34.0,28.0,22.0,258.0,122.0,0.0,21.0,216.0,111.0,4.0
662,17.0,9.0,16.0,125.0,110.0,1.0,13.0,196.0,97.0,4.0
663,16.0,14.0,24.0,298.0,85.0,2.0,17.0,172.0,80.0,1.0
664,22.0,14.0,22.0,222.0,152.0,0.0,19.0,272.0,99.0,2.0
665,7.0,13.0,15.0,162.0,106.0,1.0,21.0,210.0,133.0,1.0
666,41.0,14.0,22.0,197.0,275.0,0.0,16.0,181.0,78.0,3.0
667,17.0,22.0,12.0,194.0,88.0,2.0,19.0,184.0,157.0,0.0
668,17.0,20.0,16.0,149.0,156.0,1.0,18.0,186.0,76.0,1.0
669,10.0,7.0,17.0,78.0,157.0,1.0,13.0,117.0,99.0,1.0
670,13.0,3.0,16.0,179.0,146.0,0.0,17.0,174.0,71.0,4.0
671,29.0,7.0,26.0,150.0,210.0,1.0,13.0,147.0,83.0,2.0
672,6.0,17.0,15.0,189.0,107.0,3.0,15.0,142.0,120.0,2.0
673,37.0,14.0,27.0,253.0,229.0,0.0,19.0,187.0,88.0,3.0
674,7.0,23.0,17.0,233.0,46.0,3.0,21.0,258.0,114.0,0.0
675,29.0,32.0,22.0,144.0,180.0,0.0,21.0,432.0,47.0,3.0
676,7.0,27.0,19.0,333.0,57.0,3.0,23.0,191.0,198.0,1.0
677,17.0,7.0,20.0,173.0,98.0,0.0,15.0,169.0,66.0,1.0
678,20.0,26.0,12.0,79.0,89.0,3.0,16.0,169.0,139.0,3.0
679,3.0,13.0,8.0,124.0,28.0,0.0,17.0,144.0,115.0,2.0
680,14.0,12.0,15.0,150.0,62.0,3.0,20.0,201.0,84.0,1.0
681,17.0,27.0,17.0,126.0,149.0,3.0,24.0,164.0,177.0,2.0
682,14.0,27.0,16.0,194.0,37.0,4.0,19.0,105.0,205.0,3.0
683,26.0,31.0,19.0,180.0,89.0,0.0,27.0,262.0,133.0,2.0
684,3.0,30.0,15.0,77.0,137.0,6.0,15.0,119.0,101.0,2.0
685,0.0,27.0,10.0,176.0,19.0,5.0,28.0,213.0,191.0,1.0
686,19.0,21.0,19.0,242.0,118.0,0.0,18.0,172.0,97.0,0.0
687,3.0,16.0,12.0,123.0,41.0,1.0,24.0,251.0,146.0,0.0
688,26.0,10.0,23.0,110.0,184.0,0.0,14.0,84.0,95.0,4.0
689,20.0,24.0,24.0,298.0,99.0,3.0,14.0,169.0,128.0,1.0
690,21.0,31.0,10.0,131.0,40.0,3.0,26.0,170.0,151.0,1.0
691,30.0,26.0,12.0,126.0,81.0,0.0,21.0,172.0,159.0,4.0
692,23.0,16.0,24.0,302.0,91.0,2.0,22.0,242.0,86.0,3.0
693,17.0,24.0,16.0,286.0,52.0,1.0,24.0,211.0,147.0,2.0
694,28.0,20.0,15.0,182.0,74.0,0.0,26.0,306.0,169.0,3.0
695,28.0,31.0,23.0,186.0,135.0,3.0,26.0,192.0,160.0,0.0
696,0.0,41.0,11.0,45.0,132.0,4.0,19.0,131.0,181.0,0.0
697,20.0,17.0,15.0,169.0,103.0,0.0,24.0,266.0,129.0,3.0
698,31.0,24.0,27.0,177.0,221.0,1.0,22.0,261.0,125.0,2.0
699,13.0,20.0,12.0,105.0,88.0,3.0,16.0,120.0,147.0,1.0
700,17.0,14.0,19.0,161.0,117.0,1.0,22.0,232.0,145.0,2.0
701,0.0,10.0,15.0,156.0,108.0,2.0,12.0,111.0,173.0,0.0
702,26.0,11.0,17.0,277.0,27.0,0.0,21.0,309.0,25.0,1.0
703,38.0,10.0,27.0,263.0,178.0,2.0,23.0,202.0,149.0,3.0
704,13.0,31.0,16.0,143.0,132.0,3.0,14.0,144.0,174.0,1.0
705,26.0,13.0,21.0,323.0,68.0,2.0,15.0,245.0,62.0,1.0
706,13.0,10.0,12.0,229.0,95.0,1.0,14.0,129.0,124.0,0.0
707,23.0,3.0,19.0,149.0,117.0,0.0,12.0,121.0,88.0,3.0
708,14.0,38.0,17.0,167.0,60.0,0.0,28.0,297.0,134.0,0.0
709,13.0,20.0,18.0,235.0,69.0,2.0,17.0,185.0,118.0,0.0
710,31.0,28.0,22.0,115.0,141.0,0.0,28.0,312.0,112.0,1.0
711,14.0,17.0,20.0,287.0,60.0,2.0,19.0,218.0,86.0,2.0
712,24.0,35.0,16.0,222.0,55.0,3.0,21.0,186.0,188.0,2.0
713,9.0,16.0,15.0,109.0,158.0,1.0,20.0,262.0,151.0,1.0
714,31.0,38.0,19.0,258.0,84.0,2.0,26.0,218.0,177.0,1.0
715,3.0,13.0,14.0,154.0,100.0,3.0,19.0,239.0,108.0,1.0
716,20.0,23.0,23.0,214.0,124.0,1.0,23.0,135.0,296.0,1.0
717,19.0,16.0,20.0,146.0,151.0,1.0,16.0,151.0,112.0,2.0
718,3.0,34.0,9.0,120.0,60.0,2.0,21.0,170.0,174.0,1.0
719,40.0,13.0,20.0,209.0,163.0,2.0,12.0,150.0,37.0,5.0
720,18.0,24.0,26.0,268.0,119.0,2.0,18.0,185.0,152.0,1.0
721,10.0,20.0,13.0,144.0,90.0,2.0,16.0,134.0,131.0,1.0
722,6.0,10.0,14.0,228.0,68.0,2.0,17.0,146.0,127.0,2.0
723,13.0,10.0,20.0,138.0,199.0,0.0,14.0,166.0,53.0,0.0
724,20.0,14.0,15.0,181.0,112.0,1.0,18.0,228.0,49.0,1.0
725,10.0,19.0,12.0,152.0,104.0,1.0,18.0,156.0,104.0,0.0
726,29.0,48.0,21.0,267.0,41.0,4.0,20.0,250.0,107.0,1.0
727,56.0,35.0,23.0,284.0,89.0,1.0,33.0,426.0,42.0,7.0
728,26.0,14.0,19.0,166.0,86.0,3.0,13.0,128.0,43.0,1.0
729,13.0,16.0,23.0,176.0,242.0,3.0,19.0,191.0,153.0,0.0
730,28.0,24.0,22.0,285.0,135.0,3.0,17.0,250.0,80.0,0.0
731,26.0,17.0,16.0,201.0,96.0,1.0,18.0,262.0,30.0,3.0
732,47.0,3.0,24.0,167.0,206.0,0.0,11.0,120.0,80.0,5.0
733,34.0,31.0,23.0,235.0,140.0,1.0,26.0,386.0,125.0,1.0
734,34.0,13.0,28.0,217.0,192.0,2.0,16.0,236.0,45.0,1.0
735,17.0,34.0,22.0,241.0,142.0,2.0,23.0,357.0,127.0,1.0
736,14.0,24.0,10.0,123.0,59.0,1.0,25.0,275.0,100.0,2.0
737,31.0,27.0,18.0,207.0,165.0,2.0,23.0,119.0,187.0,4.0
738,3.0,13.0,16.0,150.0,115.0,2.0,17.0,175.0,120.0,2.0
739,17.0,24.0,16.0,251.0,80.0,4.0,18.0,193.0,126.0,1.0
740,24.0,7.0,22.0,272.0,190.0,1.0,11.0,145.0,38.0,2.0
741,16.0,9.0,14.0,137.0,117.0,1.0,18.0,216.0,83.0,1.0
742,24.0,17.0,13.0,146.0,83.0,2.0,17.0,159.0,127.0,4.0
743,10.0,24.0,14.0,112.0,132.0,4.0,18.0,190.0,153.0,1.0
744,27.0,31.0,20.0,171.0,138.0,0.0,23.0,262.0,151.0,0.0
745,13.0,16.0,15.0,96.0,318.0,6.0,20.0,154.0,142.0,2.0
746,38.0,0.0,26.0,131.0,316.0,0.0,13.0,144.0,119.0,4.0
747,25.0,30.0,23.0,251.0,127.0,1.0,10.0,52.0,52.0,1.0
748,22.0,24.0,19.0,212.0,110.0,3.0,18.0,208.0,139.0,1.0
749,14.0,31.0,12.0,122.0,104.0,5.0,27.0,299.0,111.0,1.0
750,17.0,6.0,16.0,144.0,139.0,3.0,11.0,104.0,75.0,4.0
751,19.0,13.0,17.0,82.0,249.0,0.0,10.0,71.0,123.0,2.0
752,26.0,3.0,14.0,135.0,175.0,1.0,6.0,81.0,43.0,3.0
753,7.0,10.0,17.0,215.0,99.0,3.0,12.0,152.0,86.0,0.0
754,29.0,15.0,17.0,91.0,202.0,0.0,18.0,222.0,64.0,2.0
755,37.0,0.0,21.0,63.0,257.0,0.0,5.0,0.0,72.0,3.0
756,9.0,10.0,6.0,60.0,116.0,1.0,20.0,233.0,49.0,3.0
757,28.0,14.0,23.0,200.0,136.0,0.0,20.0,239.0,52.0,3.0
758,31.0,23.0,20.0,256.0,146.0,0.0,24.0,352.0,84.0,1.0
759,38.0,14.0,25.0,171.0,273.0,0.0,12.0,109.0,114.0,2.0
760,29.0,20.0,20.0,173.0,155.0,0.0,16.0,240.0,96.0,3.0
761,24.0,20.0,17.0,190.0,129.0,3.0,21.0,201.0,145.0,2.0
762,0.0,9.0,15.0,241.0,119.0,3.0,13.0,156.0,81.0,0.0
763,23.0,20.0,23.0,327.0,110.0,2.0,21.0,228.0,78.0,0.0
764,26.0,20.0,28.0,284.0,172.0,1.0,19.0,196.0,107.0,2.0
765,30.0,27.0,22.0,298.0,103.0,2.0,17.0,246.0,97.0,1.0
766,26.0,10.0,18.0,149.0,170.0,1.0,13.0,117.0,46.0,3.0
767,3.0,45.0,18.0,149.0,152.0,3.0,23.0,304.0,101.0,0.0
768,6.0,10.0,14.0,193.0,87.0,2.0,6.0,30.0,101.0,3.0
769,22.0,17.0,17.0,170.0,106.0,0.0,25.0,232.0,146.0,0.0
770,34.0,38.0,24.0,269.0,124.0,2.0,16.0,202.0,120.0,1.0
771,38.0,7.0,17.0,112.0,276.0,1.0,6.0,125.0,37.0,6.0
772,27.0,24.0,19.0,315.0,45.0,2.0,21.0,326.0,64.0,3.0
773,32.0,3.0,15.0,182.0,101.0,2.0,11.0,91.0,112.0,4.0
774,24.0,34.0,25.0,339.0,100.0,2.0,23.0,149.0,234.0,0.0
775,17.0,34.0,7.0,112.0,38.0,4.0,16.0,155.0,112.0,3.0
776,21.0,30.0,14.0,158.0,97.0,0.0,26.0,294.0,152.0,1.0
777,24.0,6.0,13.0,192.0,104.0,1.0,17.0,190.0,118.0,3.0
778,27.0,21.0,25.0,156.0,162.0,2.0,16.0,172.0,96.0,2.0
779,27.0,11.0,24.0,222.0,126.0,2.0,14.0,191.0,96.0,3.0
780,16.0,37.0,22.0,268.0,110.0,3.0,21.0,329.0,60.0,0.0
781,13.0,17.0,22.0,235.0,83.0,2.0,11.0,104.0,125.0,1.0
782,28.0,24.0,20.0,180.0,138.0,2.0,21.0,250.0,86.0,0.0
783,34.0,19.0,16.0,165.0,101.0,1.0,17.0,204.0,100.0,3.0
784,37.0,10.0,24.0,155.0,159.0,1.0,13.0,156.0,65.0,1.0
785,19.0,45.0,13.0,147.0,94.0,4.0,20.0,260.0,160.0,4.0
786,14.0,29.0,22.0,226.0,105.0,3.0,11.0,217.0,115.0,1.0
787,17.0,19.0,20.0,245.0,129.0,3.0,14.0,128.0,82.0,2.0
788,48.0,28.0,21.0,266.0,118.0,1.0,20.0,195.0,195.0,4.0
789,10.0,27.0,16.0,129.0,90.0,1.0,21.0,265.0,66.0,0.0
790,23.0,20.0,21.0,295.0,93.0,2.0,23.0,196.0,185.0,2.0
791,0.0,34.0,9.0,100.0,45.0,4.0,26.0,134.0,247.0,0.0
792,17.0,23.0,15.0,217.0,69.0,2.0,18.0,209.0,169.0,1.0
793,35.0,9.0,22.0,99.0,252.0,0.0,21.0,257.0,41.0,4.0
794,26.0,29.0,26.0,297.0,106.0,2.0,26.0,250.0,131.0,1.0
795,9.0,30.0,22.0,258.0,105.0,2.0,14.0,139.0,97.0,1.0
796,7.0,28.0,11.0,101.0,84.0,3.0,20.0,189.0,174.0,2.0
797,27.0,13.0,17.0,165.0,124.0,0.0,15.0,167.0,114.0,3.0
798,19.0,49.0,25.0,286.0,119.0,5.0,25.0,323.0,152.0,1.0
799,7.0,6.0,20.0,112.0,177.0,4.0,5.0,56.0,81.0,1.0
800,17.0,10.0,17.0,104.0,166.0,2.0,16.0,168.0,123.0,2.0
801,10.0,14.0,20.0,107.0,146.0,5.0,12.0,127.0,167.0,0.0
802,17.0,27.0,18.0,156.0,69.0,2.0,15.0,136.0,87.0,0.0
803,9.0,28.0,19.0,199.0,133.0,2.0,16.0,225.0,109.0,1.0
804,18.0,17.0,22.0,214.0,90.0,2.0,12.0,185.0,65.0,2.0
805,10.0,13.0,15.0,189.0,129.0,4.0,9.0,178.0,54.0,0.0
806,27.0,20.0,20.0,331.0,182.0,2.0,18.0,208.0,120.0,0.0
807,13.0,38.0,16.0,239.0,91.0,4.0,17.0,244.0,78.0,0.0
808,30.0,28.0,15.0,170.0,118.0,0.0,26.0,299.0,64.0,1.0
809,6.0,19.0,18.0,184.0,83.0,2.0,16.0,255.0,73.0,0.0
810,30.0,27.0,27.0,206.0,177.0,1.0,21.0,205.0,90.0,1.0
811,9.0,49.0,15.0,147.0,93.0,2.0,20.0,323.0,79.0,1.0
812,26.0,20.0,14.0,140.0,198.0,0.0,23.0,366.0,41.0,2.0
813,14.0,37.0,12.0,133.0,134.0,4.0,14.0,245.0,68.0,0.0
814,3.0,19.0,12.0,118.0,102.0,3.0,15.0,245.0,67.0,1.0
815,3.0,23.0,10.0,78.0,99.0,3.0,25.0,328.0,125.0,1.0
816,37.0,27.0,18.0,209.0,143.0,1.0,19.0,233.0,150.0,1.0
817,20.0,30.0,19.0,140.0,157.0,1.0,21.0,261.0,131.0,0.0
818,24.0,13.0,25.0,214.0,208.0,0.0,19.0,168.0,115.0,2.0
819,20.0,7.0,22.0,220.0,154.0,0.0,18.0,204.0,92.0,3.0
820,19.0,14.0,20.0,190.0,212.0,2.0,11.0,133.0,25.0,0.0
821,24.0,31.0,19.0,166.0,147.0,1.0,25.0,310.0,80.0,1.0
822,19.0,27.0,21.0,300.0,114.0,3.0,17.0,197.0,60.0,1.0
823,17.0,24.0,17.0,204.0,132.0,2.0,17.0,272.0,88.0,0.0
824,0.0,31.0,11.0,60.0,91.0,2.0,21.0,277.0,162.0,1.0
825,17.0,31.0,15.0,173.0,31.0,2.0,21.0,221.0,138.0,0.0
826,25.0,27.0,28.0,205.0,218.0,0.0,16.0,260.0,63.0,0.0
827,23.0,43.0,22.0,137.0,175.0,6.0,12.0,213.0,67.0,0.0
828,10.0,24.0,22.0,225.0,139.0,0.0,23.0,196.0,113.0,0.0
829,20.0,13.0,15.0,125.0,150.0,0.0,22.0,326.0,36.0,4.0
830,3.0,38.0,11.0,126.0,92.0,1.0,21.0,220.0,116.0,0.0
831,13.0,16.0,18.0,49.0,277.0,1.0,16.0,217.0,74.0,1.0
832,24.0,30.0,19.0,242.0,168.0,2.0,19.0,297.0,114.0,2.0
833,16.0,11.0,17.0,163.0,114.0,0.0,17.0,253.0,89.0,1.0
834,16.0,17.0,16.0,191.0,116.0,1.0,19.0,146.0,85.0,1.0
835,37.0,24.0,18.0,390.0,104.0,1.0,23.0,208.0,179.0,1.0
836,31.0,10.0,18.0,179.0,154.0,1.0,15.0,217.0,104.0,5.0
837,20.0,7.0,20.0,243.0,101.0,1.0,17.0,250.0,93.0,5.0
838,17.0,24.0,19.0,276.0,47.0,4.0,18.0,108.0,123.0,1.0
839,27.0,14.0,23.0,218.0,207.0,1.0,17.0,167.0,59.0,2.0
840,34.0,20.0,22.0,253.0,221.0,3.0,14.0,191.0,34.0,2.0
841,23.0,30.0,25.0,283.0,89.0,1.0,20.0,337.0,16.0,0.0
842,20.0,34.0,22.0,292.0,74.0,1.0,21.0,333.0,118.0,0.0
843,28.0,23.0,14.0,261.0,29.0,0.0,19.0,338.0,98.0,4.0
844,17.0,22.0,15.0,190.0,128.0,4.0,13.0,132.0,148.0,0.0
845,17.0,24.0,16.0,197.0,70.0,2.0,19.0,241.0,123.0,1.0
846,38.0,20.0,24.0,274.0,137.0,0.0,20.0,321.0,12.0,2.0
847,23.0,20.0,28.0,373.0,90.0,1.0,14.0,281.0,74.0,1.0
848,30.0,8.0,24.0,256.0,183.0,0.0,15.0,268.0,24.0,1.0
849,19.0,16.0,20.0,299.0,73.0,1.0,15.0,176.0,133.0,4.0
850,26.0,20.0,24.0,285.0,143.0,1.0,16.0,221.0,63.0,1.0
851,17.0,22.0,15.0,178.0,122.0,3.0,18.0,182.0,113.0,1.0
852,22.0,23.0,22.0,188.0,152.0,1.0,18.0,324.0,57.0,1.0
853,37.0,31.0,28.0,370.0,123.0,1.0,16.0,307.0,86.0,1.0
854,3.0,24.0,17.0,188.0,117.0,8.0,18.0,221.0,72.0,1.0
855,17.0,27.0,20.0,247.0,58.0,3.0,21.0,288.0,66.0,0.0
856,13.0,31.0,16.0,244.0,72.0,0.0,30.0,375.0,61.0,1.0
857,3.0,28.0,11.0,197.0,33.0,2.0,28.0,225.0,171.0,0.0
858,24.0,16.0,16.0,189.0,155.0,2.0,11.0,234.0,11.0,3.0
859,31.0,28.0,21.0,222.0,171.0,0.0,22.0,339.0,68.0,2.0
860,23.0,27.0,18.0,191.0,140.0,2.0,20.0,137.0,137.0,0.0
861,6.0,9.0,17.0,157.0,139.0,1.0,16.0,155.0,125.0,0.0
862,17.0,22.0,16.0,269.0,64.0,2.0,26.0,286.0,91.0,0.0
863,10.0,41.0,13.0,214.0,36.0,3.0,27.0,282.0,139.0,1.0
864,23.0,17.0,24.0,216.0,188.0,1.0,17.0,116.0,248.0,0.0
865,13.0,34.0,20.0,244.0,116.0,4.0,13.0,236.0,67.0,1.0
866,3.0,41.0,14.0,128.0,111.0,4.0,21.0,211.0,114.0,0.0
867,30.0,10.0,18.0,202.0,127.0,0.0,14.0,162.0,68.0,3.0
868,12.0,21.0,11.0,176.0,38.0,2.0,23.0,218.0,190.0,1.0
869,20.0,45.0,17.0,145.0,126.0,2.0,21.0,230.0,180.0,0.0
870,20.0,6.0,16.0,233.0,103.0,1.0,16.0,195.0,30.0,2.0
871,23.0,20.0,18.0,215.0,256.0,2.0,20.0,136.0,175.0,1.0
872,17.0,14.0,14.0,178.0,34.0,1.0,22.0,279.0,140.0,3.0
873,17.0,24.0,23.0,334.0,74.0,3.0,23.0,257.0,118.0,2.0
874,28.0,31.0,16.0,180.0,92.0,2.0,25.0,304.0,53.0,2.0
875,20.0,25.0,15.0,236.0,43.0,1.0,18.0,246.0,140.0,2.0
876,34.0,21.0,21.0,137.0,194.0,0.0,21.0,244.0,63.0,3.0
877,10.0,15.0,15.0,219.0,56.0,2.0,17.0,181.0,90.0,1.0
878,27.0,35.0,21.0,282.0,109.0,1.0,17.0,154.0,145.0,0.0
879,38.0,31.0,30.0,331.0,157.0,0.0,17.0,362.0,112.0,0.0
880,0.0,23.0,6.0,41.0,59.0,2.0,17.0,189.0,84.0,0.0
881,19.0,31.0,19.0,170.0,124.0,2.0,23.0,281.0,131.0,3.0
882,7.0,14.0,13.0,98.0,197.0,3.0,21.0,290.0,89.0,0.0
883,6.0,26.0,14.0,207.0,40.0,0.0,28.0,183.0,147.0,0.0
884,48.0,17.0,18.0,180.0,169.0,2.0,20.0,300.0,39.0,5.0
885,12.0,20.0,21.0,320.0,42.0,3.0,18.0,122.0,135.0,2.0
886,17.0,21.0,14.0,161.0,107.0,3.0,20.0,190.0,133.0,0.0
887,12.0,31.0,10.0,144.0,34.0,0.0,23.0,377.0,126.0,3.0
888,34.0,16.0,18.0,189.0,323.0,2.0,26.0,344.0,92.0,1.0
889,42.0,34.0,18.0,267.0,107.0,2.0,24.0,301.0,127.0,4.0
890,17.0,37.0,16.0,192.0,71.0,4.0,15.0,228.0,88.0,0.0
891,10.0,24.0,12.0,150.0,57.0,0.0,22.0,216.0,179.0,0.0
892,6.0,13.0,15.0,202.0,80.0,4.0,7.0,104.0,64.0,0.0
893,10.0,41.0,12.0,116.0,83.0,2.0,23.0,239.0,212.0,0.0
894,13.0,27.0,18.0,264.0,74.0,1.0,25.0,283.0,215.0,0.0
895,22.0,26.0,15.0,124.0,156.0,1.0,22.0,273.0,130.0,1.0
896,27.0,23.0,15.0,170.0,78.0,2.0,24.0,192.0,176.0,3.0
897,22.0,29.0,21.0,228.0,90.0,1.0,15.0,239.0,47.0,0.0
898,38.0,44.0,23.0,323.0,47.0,0.0,35.0,413.0,127.0,1.0
899,3.0,38.0,12.0,135.0,104.0,3.0,24.0,244.0,131.0,0.0
900,16.0,17.0,17.0,155.0,68.0,1.0,23.0,242.0,128.0,4.0
901,3.0,23.0,13.0,169.0,93.0,1.0,16.0,305.0,70.0,1.0
902,14.0,30.0,6.0,69.0,36.0,1.0,21.0,313.0,68.0,2.0
903,6.0,31.0,9.0,61.0,67.0,3.0,17.0,181.0,84.0,1.0
904,24.0,22.0,20.0,326.0,56.0,1.0,26.0,270.0,129.0,0.0
905,0.0,33.0,12.0,73.0,81.0,6.0,22.0,249.0,74.0,1.0
906,15.0,29.0,15.0,167.0,46.0,3.0,21.0,278.0,111.0,1.0
907,18.0,26.0,17.0,238.0,83.0,1.0,22.0,266.0,50.0,0.0
908,34.0,27.0,18.0,218.0,76.0,0.0,15.0,258.0,23.0,2.0
909,34.0,17.0,23.0,285.0,115.0,2.0,13.0,171.0,54.0,1.0
910,34.0,3.0,21.0,313.0,88.0,1.0,10.0,140.0,68.0,2.0
911,6.0,22.0,15.0,209.0,62.0,0.0,18.0,233.0,44.0,0.0
912,22.0,21.0,22.0,262.0,112.0,1.0,22.0,240.0,122.0,1.0
913,21.0,42.0,13.0,207.0,103.0,2.0,23.0,212.0,218.0,0.0
914,16.0,10.0,14.0,174.0,85.0,1.0,16.0,185.0,75.0,2.0
915,13.0,6.0,18.0,185.0,86.0,1.0,17.0,236.0,73.0,3.0
916,17.0,27.0,15.0,202.0,52.0,2.0,31.0,306.0,98.0,2.0
917,13.0,31.0,17.0,173.0,104.0,0.0,17.0,177.0,182.0,1.0
918,7.0,36.0,15.0,151.0,109.0,3.0,21.0,234.0,119.0,0.0
919,28.0,37.0,18.0,192.0,129.0,0.0,21.0,242.0,117.0,3.0
920,10.0,30.0,21.0,162.0,123.0,0.0,28.0,369.0,127.0,1.0
921,0.0,24.0,13.0,148.0,115.0,1.0,18.0,192.0,110.0,2.0
922,10.0,18.0,17.0,91.0,100.0,2.0,26.0,296.0,126.0,1.0
923,9.0,35.0,13.0,128.0,93.0,1.0,25.0,446.0,50.0,0.0
924,27.0,30.0,18.0,257.0,65.0,1.0,30.0,274.0,159.0,0.0
925,28.0,34.0,20.0,196.0,96.0,1.0,28.0,347.0,29.0,1.0
926,3.0,20.0,10.0,173.0,87.0,2.0,22.0,241.0,104.0,2.0
927,28.0,31.0,24.0,170.0,206.0,3.0,24.0,368.0,72.0,2.0
928,3.0,40.0,12.0,116.0,69.0,1.0,28.0,236.0,174.0,1.0
929,23.0,20.0,17.0,196.0,93.0,0.0,16.0,189.0,114.0,1.0
930,23.0,16.0,18.0,202.0,131.0,0.0,23.0,254.0,45.0,2.0
931,14.0,28.0,21.0,239.0,111.0,2.0,23.0,238.0,166.0,0.0
932,14.0,19.0,16.0,207.0,45.0,1.0,18.0,270.0,111.0,1.0
933,6.0,25.0,18.0,184.0,152.0,4.0,17.0,159.0,101.0,0.0
934,0.0,26.0,11.0,119.0,43.0,2.0,23.0,223.0,120.0,1.0
935,27.0,24.0,16.0,289.0,66.0,1.0,30.0,253.0,177.0,0.0
936,20.0,27.0,17.0,166.0,64.0,1.0,28.0,342.0,108.0,2.0
937,13.0,54.0,18.0,237.0,62.0,3.0,32.0,403.0,148.0,0.0
938,34.0,31.0,32.0,414.0,97.0,3.0,18.0,277.0,41.0,1.0
939,30.0,45.0,30.0,398.0,88.0,2.0,28.0,272.0,260.0,0.0
940,17.0,45.0,22.0,296.0,70.0,5.0,26.0,350.0,139.0,2.0
941,17.0,24.0,18.0,278.0,102.0,1.0,20.0,273.0,115.0,1.0
942,21.0,14.0,18.0,109.0,157.0,1.0,13.0,106.0,96.0,1.0
943,18.0,33.0,21.0,211.0,70.0,1.0,26.0,233.0,185.0,0.0
944,9.0,30.0,13.0,178.0,78.0,0.0,21.0,141.0,203.0,0.0
945,24.0,31.0,16.0,126.0,102.0,1.0,23.0,196.0,183.0,3.0
946,26.0,21.0,18.0,100.0,273.0,0.0,27.0,252.0,132.0,1.0
947,24.0,28.0,22.0,224.0,150.0,1.0,26.0,405.0,62.0,1.0
948,10.0,27.0,4.0,5.0,48.0,0.0,25.0,254.0,170.0,0.0
