,Score_Tm,Score_Opp,Off_1stD,Off_PassY,Off_RushY,Off_TO,Def_1stD,Def_PassY,Def_TO
0,15.713884204338775,18.369028188383517,16.8532850747914,249.9676235327648,255.22636734639448,3.614709636380607,16.420630998266358,346.3420169813368,1.8144147891842413
1,11.690072752392137,35.83141804431148,16.520908405408374,170.7245432170254,197.7624996299106,2.02300021900143,10.462709048308707,274.24392370098883,2.909033586977081
2,16.0,27.0,15.0,182.0,159.0,2.0,19.0,261.0,4.0
3,14.0,19.0,16.0,207.0,45.0,1.0,18.0,270.0,1.0
4,3.0,23.0,13.0,169.0,93.0,1.0,16.0,305.0,1.0
5,14.0,17.0,17.0,205.0,93.0,2.0,27.0,319.0,1.0
6,21.0,27.0,19.0,221.0,183.0,2.0,19.0,277.0,2.0
7,24.0,30.0,19.0,242.0,168.0,2.0,19.0,297.0,2.0
8,12.219607707622597,24.152555596750872,11.471909978634123,248.95345889380857,193.67183012762396,1.8778138006590528,7.710770067292488,302.44691976126535,4.77335054823178
9,28.0,19.0,16.0,161.0,167.0,3.0,25.0,346.0,5.0
10,0.0,20.0,15.0,154.0,123.0,2.0,18.0,281.0,1.0
11,13.0,12.0,17.0,172.0,186.0,4.0,7.0,70.0,1.0
12,21.0,24.0,14.0,175.0,66.0,3.0,18.0,279.0,0.0
13,35.57763991107817,42.916868410428066,13.636325020332887,197.16511791899012,261.59629998507256,2.26387655405202,18.61357594874065,301.3995822388752,3.7061068865069515
14,23.0,24.0,20.0,212.0,157.0,2.0,23.0,267.0,2.0
15,14.0,29.0,15.0,199.0,52.0,4.0,20.0,266.0,4.0
16,6.0,37.0,22.0,166.0,157.0,3.0,23.0,267.0,3.0
17,7.0,19.0,17.0,161.0,164.0,3.0,17.0,122.0,0.0
18,13.0,20.0,18.0,158.0,158.0,4.0,18.0,193.0,2.0
19,17.0,22.0,16.0,269.0,64.0,2.0,26.0,286.0,0.0
20,18.0,26.0,17.0,238.0,83.0,1.0,22.0,266.0,0.0
21,36.184050759458515,49.04323585117628,10.082038047331679,215.6381350978095,193.97617382272358,3.7545776101188464,18.892735271365993,369.63454882399714,2.9451597384564554
22,20.0,26.0,18.0,242.0,32.0,2.0,25.0,313.0,0.0
23,19.78037662389414,25.006496845114363,22.159027699272823,164.028683142498,221.012216870588,4.90717964138344,5.878376308381551,260.0547387906167,1.5680202191588961
24,10.0,32.0,11.0,166.0,78.0,4.0,16.0,273.0,4.0
25,13.0,27.0,18.0,264.0,74.0,1.0,25.0,283.0,0.0
26,13.0,17.0,22.0,235.0,83.0,2.0,11.0,104.0,1.0
27,23.0,22.0,16.0,220.0,83.0,1.0,26.0,339.0,0.0
28,14.0,20.0,21.0,264.0,93.0,4.0,11.0,76.0,1.0
29,23.0,21.0,22.0,227.0,130.0,3.0,19.0,312.0,1.0
30,22.0,23.0,22.0,188.0,152.0,1.0,18.0,324.0,1.0
31,17.0,24.0,17.0,204.0,132.0,2.0,17.0,272.0,0.0
32,26.0,35.0,14.0,229.0,83.0,2.0,16.0,353.0,3.0
33,24.0,17.0,17.0,191.0,60.0,4.0,18.0,308.0,3.0
34,24.76142508217673,45.4131267035788,10.102291006696053,175.94982543464045,166.84358591797638,0.7740721822726659,19.56944211304867,320.9616713124191,0.902592577965618
35,30.440532382084328,26.87439918155993,18.346443775083312,43.5290875095653,213.1213971740429,4.419443029172235,6.471168340643196,284.4452315684123,3.351527763338648
36,23.0,20.0,18.0,215.0,256.0,2.0,20.0,136.0,1.0
37,24.0,17.0,19.0,223.0,97.0,2.0,19.0,263.0,2.0
38,10.0,35.0,22.0,229.0,112.0,5.0,17.0,267.0,2.0
39,20.00186176779791,34.13590628197311,18.13630286321542,236.9660150816287,201.905879535232,3.9361727124260364,19.100875400514408,193.16876549747928,2.827700670551437
40,7.0,23.0,16.0,200.0,69.0,3.0,14.0,98.0,0.0
41,16.0,21.0,22.0,212.0,109.0,5.0,13.0,138.0,1.0
42,14.0,38.0,14.0,199.0,92.0,4.0,21.0,272.0,1.0
43,33.0,27.0,16.0,186.0,168.0,1.0,21.0,286.0,1.0
44,26.0,17.0,16.0,201.0,96.0,1.0,18.0,262.0,3.0
45,20.0,24.0,21.0,190.0,96.0,2.0,22.0,309.0,5.0
46,7.0,23.0,17.0,233.0,46.0,3.0,21.0,258.0,0.0
47,14.308165420019877,22.62637059480654,9.293522998099276,152.82455540843196,221.4842129333011,3.4096473951609076,21.872099419130805,101.78331969612361,2.1756406904316536
48,14.0,40.0,20.0,165.0,83.0,6.0,13.0,187.0,2.0
49,23.863450094760474,30.92862118247634,13.85351275607379,134.7026183004971,208.46290043172957,3.1460902277148066,5.860744289801039,348.1962086117845,2.0344095448292534
50,8.0,10.0,19.0,174.0,184.0,3.0,14.0,232.0,2.0
51,24.0,20.0,19.0,144.0,192.0,3.0,26.0,267.0,1.0
52,3.0,17.0,19.0,261.0,89.0,4.0,14.0,155.0,2.0
53,16.0,23.0,16.0,264.0,65.0,1.0,19.0,147.0,1.0
54,16.58596807548428,27.18506495657552,7.310170457035145,76.80469768492696,200.08946157320634,4.094879926397206,16.99383496843482,375.0750612844595,0.0824882766166971
55,20.0,27.0,17.0,166.0,64.0,1.0,28.0,342.0,2.0
56,7.0,44.0,9.0,168.0,32.0,2.0,24.0,269.0,2.0
57,19.927340958456295,24.140262418899816,18.437801289293045,109.21251143162777,28.363748829965203,1.953981759536705,14.413600803739206,329.60557131718497,0.2564457729702673
58,24.0,17.0,19.0,153.0,188.0,2.0,16.0,150.0,3.0
59,26.0,49.0,17.0,223.0,91.0,2.0,28.0,282.0,3.0
60,12.0,33.0,13.0,185.0,111.0,6.0,21.0,315.0,6.0
61,14.0,38.0,15.0,155.0,117.0,5.0,24.0,268.0,1.0
62,9.833748614038893,17.96599069804296,8.017285153301764,116.08049775419695,216.3458920321063,1.112879321777724,15.970241851309734,289.21815867725127,0.821429383581076
63,34.0,37.0,20.0,266.0,103.0,5.0,29.0,283.0,5.0
64,10.0,20.0,16.0,264.0,30.0,2.0,19.0,139.0,1.0
65,17.0,24.0,17.0,201.0,177.0,3.0,28.0,181.0,2.0
66,24.0,21.0,18.0,152.0,218.0,1.0,19.0,238.0,2.0
67,24.0,27.0,14.0,255.0,49.0,1.0,26.0,273.0,3.0
68,11.0,21.0,20.0,211.0,92.0,2.0,16.0,174.0,1.0
69,17.0,31.0,14.0,86.0,200.0,2.0,24.0,407.0,4.0
70,13.0,20.0,18.0,235.0,69.0,2.0,17.0,185.0,0.0
71,24.0,19.0,17.0,194.0,172.0,3.0,21.0,199.0,2.0
72,24.0,31.0,14.0,201.0,99.0,1.0,29.0,275.0,3.0
73,17.0,27.0,20.0,247.0,58.0,3.0,21.0,288.0,0.0
74,6.0,19.0,18.0,184.0,83.0,2.0,16.0,255.0,0.0
75,30.0,28.0,21.0,156.0,205.0,1.0,21.0,261.0,5.0
76,16.0,17.0,18.0,157.0,131.0,2.0,14.0,191.0,0.0
77,6.0,13.0,15.0,202.0,80.0,4.0,7.0,104.0,0.0
78,11.979996177842686,21.026294221152835,8.93396156942018,199.94613282673762,74.59244886142397,0.47802477942655125,17.39829444936006,136.29039924265362,0.9968048321224581
79,27.0,24.0,14.0,226.0,96.0,4.0,22.0,322.0,4.0
80,10.0,24.0,18.0,224.0,52.0,3.0,16.0,209.0,1.0
81,6.0,20.0,14.0,224.0,39.0,3.0,20.0,195.0,1.0
82,31.0,20.0,15.0,233.0,153.0,2.0,12.0,274.0,4.0
83,34.0,38.0,21.0,192.0,179.0,2.0,26.0,267.0,2.0
84,10.0,17.0,16.0,199.0,116.0,1.0,14.0,172.0,1.0
85,30.0,27.0,20.0,187.0,186.0,5.0,20.0,209.0,5.0
86,19.0,14.0,20.0,190.0,212.0,2.0,11.0,133.0,0.0
87,31.0,21.0,17.0,220.0,62.0,1.0,26.0,374.0,4.0
88,20.0,21.0,14.0,173.0,71.0,5.0,15.0,172.0,4.0
89,9.0,16.0,15.0,109.0,158.0,1.0,20.0,262.0,1.0
90,13.0,20.0,13.0,220.0,83.0,3.0,20.0,155.0,1.0
91,27.0,22.0,20.0,136.0,246.0,2.0,22.0,287.0,4.0
92,42.01233234156541,33.855358464793056,14.077968770964555,192.48919026837223,111.27951707092086,5.111097822760454,14.060308518620717,294.77867588518137,2.1608895174698692
93,20.0,37.0,19.0,165.0,229.0,1.0,19.0,125.0,0.0
94,26.785298594433527,24.894912711019263,14.457170434250385,91.44514073812844,186.2123629140736,1.2691167461436357,26.296702638479367,320.72865029449935,3.835929506550373
95,15.0,23.0,22.0,271.0,96.0,2.0,25.0,210.0,1.0
96,18.762642940501223,16.40433347515946,19.385018789786397,150.96993590299076,279.94526298999244,2.8333648150002944,16.212445867256285,317.9947050400791,1.1878079963189718
97,23.0,24.0,14.0,147.0,177.0,2.0,24.0,344.0,4.0
98,16.0,37.0,22.0,268.0,110.0,3.0,21.0,329.0,0.0
99,21.0,33.0,18.0,263.0,44.0,2.0,27.0,304.0,1.0
100,17.0,24.0,16.0,251.0,80.0,4.0,18.0,193.0,1.0
101,0.0,24.0,11.0,163.0,53.0,5.0,17.0,198.0,3.0
102,10.0,41.0,13.0,214.0,36.0,3.0,27.0,282.0,1.0
103,14.0,37.0,10.0,154.0,45.0,2.0,24.0,292.0,1.0
104,13.0,10.0,12.0,229.0,95.0,1.0,14.0,129.0,0.0
105,17.0,24.0,16.0,197.0,70.0,2.0,19.0,241.0,1.0
106,17.0,23.0,15.0,217.0,69.0,2.0,18.0,209.0,1.0
107,24.0,32.0,15.0,252.0,31.0,1.0,27.0,311.0,1.0
108,0.0,13.0,19.0,243.0,70.0,3.0,17.0,160.0,1.0
109,10.0,17.0,18.0,182.0,63.0,2.0,17.0,242.0,2.0
110,16.0,24.0,17.0,210.0,138.0,6.0,16.0,110.0,2.0
111,14.0,31.0,15.0,245.0,66.0,1.0,19.0,204.0,2.0
112,24.0,38.0,22.0,159.0,82.0,5.0,14.0,132.0,4.0
113,7.0,23.0,15.0,189.0,62.0,1.0,21.0,203.0,0.0
114,3.0,28.0,18.0,267.0,78.0,4.0,20.0,160.0,0.0
115,21.0,20.0,15.0,183.0,93.0,3.0,14.0,86.0,2.0
116,10.0,25.0,14.0,140.0,62.0,5.0,19.0,299.0,5.0
117,9.0,34.0,15.0,222.0,79.0,4.0,17.0,190.0,2.0
118,17.0,22.0,15.0,190.0,128.0,4.0,13.0,132.0,0.0
119,24.0,22.0,14.0,208.0,94.0,3.0,17.0,218.0,0.0
120,6.0,25.0,18.0,184.0,152.0,4.0,17.0,159.0,0.0
121,14.0,17.0,18.0,196.0,102.0,4.0,15.0,99.0,0.0
122,13.0,23.0,20.0,180.0,140.0,3.0,19.0,108.0,0.0
123,13.0,20.0,19.0,200.0,134.0,1.0,20.0,161.0,0.0
124,10.0,24.0,16.0,161.0,38.0,3.0,27.0,234.0,1.0
125,19.863358256671567,46.76423704867858,11.014113001930324,103.8534685848569,183.51343606616507,0.7636918904499116,11.933373277878774,284.1477541817078,2.2268894973503204
126,28.0,30.0,19.0,257.0,106.0,4.0,16.0,326.0,2.0
127,21.0,35.0,21.0,220.0,116.0,2.0,23.0,275.0,3.0
128,19.0,31.0,19.0,170.0,124.0,2.0,23.0,281.0,3.0
129,12.0,14.0,16.0,170.0,67.0,3.0,15.0,132.0,0.0
130,3.0,23.0,10.0,78.0,99.0,3.0,25.0,328.0,1.0
131,23.0,12.0,19.0,188.0,165.0,6.0,15.0,179.0,6.0
132,14.0,17.0,21.0,192.0,126.0,1.0,15.0,204.0,1.0
133,13.0,20.0,18.0,155.0,136.0,2.0,17.0,41.0,1.0
134,16.0,17.0,16.0,191.0,116.0,1.0,19.0,146.0,1.0
135,28.0,34.0,20.0,196.0,96.0,1.0,28.0,347.0,1.0
136,35.0,37.0,17.0,257.0,170.0,6.0,10.0,57.0,2.0
137,38.0,31.0,16.0,189.0,101.0,1.0,25.0,322.0,3.0
138,0.0,16.0,10.0,159.0,65.0,5.0,23.0,123.0,1.0
139,18.80602161758496,6.608594535744842,18.48226801427534,256.60184007395833,86.60307613272273,2.1846359488560694,12.360835480705227,289.20187557055255,4.021747307435666
140,20.0,17.0,17.0,253.0,53.0,1.0,13.0,112.0,3.0
141,7.0,10.0,19.0,188.0,124.0,2.0,18.0,267.0,2.0
142,21.0,17.0,16.0,198.0,98.0,3.0,12.0,120.0,4.0
143,3.0,13.0,14.0,154.0,100.0,3.0,19.0,239.0,1.0
144,17.0,22.0,12.0,194.0,88.0,2.0,19.0,184.0,0.0
145,20.0,30.0,19.0,140.0,157.0,1.0,21.0,261.0,0.0
146,42.28865385473346,23.751629665998646,10.904150570365381,155.19683211165545,45.35492240228596,0.30178856893513334,19.106383329370296,371.2766232910641,2.2309418531501493
147,18.0,17.0,18.0,259.0,64.0,2.0,22.0,194.0,1.0
148,42.0,34.0,18.0,267.0,107.0,2.0,24.0,301.0,4.0
149,14.0,27.0,16.0,194.0,37.0,4.0,19.0,105.0,3.0
150,13.0,38.0,16.0,239.0,91.0,4.0,17.0,244.0,0.0
151,18.0,17.0,22.0,214.0,90.0,2.0,12.0,185.0,2.0
152,22.0,25.0,19.0,253.0,64.0,4.0,23.0,195.0,1.0
153,20.0,25.0,21.0,270.0,72.0,3.0,18.0,192.0,2.0
154,21.0,28.0,19.0,258.0,115.0,1.0,29.0,354.0,1.0
155,24.0,28.0,22.0,224.0,150.0,1.0,26.0,405.0,1.0
156,17.0,34.0,22.0,241.0,142.0,2.0,23.0,357.0,1.0
157,28.0,17.0,13.0,261.0,163.0,5.0,20.0,129.0,3.0
158,0.0,9.0,15.0,241.0,119.0,3.0,13.0,156.0,0.0
159,17.0,10.0,19.0,230.0,86.0,1.0,12.0,97.0,1.0
160,31.0,24.0,10.0,172.0,46.0,1.0,22.0,304.0,6.0
161,31.0,46.0,22.0,151.0,265.0,4.0,25.0,348.0,1.0
162,10.0,15.0,15.0,219.0,56.0,2.0,17.0,181.0,1.0
163,17.107251153281076,4.780532368838564,14.99882155102002,226.76819184514017,46.96235362732261,3.156545562666458,12.689576453104246,362.5493178093525,5.200212731111059
164,10.0,19.0,15.0,159.0,78.0,4.0,27.0,216.0,3.0
165,0.0,10.0,15.0,156.0,108.0,2.0,12.0,111.0,0.0
166,10.0,13.0,15.0,189.0,129.0,4.0,9.0,178.0,0.0
167,10.0,13.0,20.0,207.0,108.0,3.0,13.0,95.0,0.0
168,28.0,24.0,18.0,156.0,141.0,3.0,25.0,368.0,4.0
169,31.0,28.0,17.0,223.0,104.0,3.0,28.0,349.0,6.0
170,1.4300696171500284,34.01529451795447,8.575670837257235,243.9561663493275,100.55842177103881,3.591442595899672,12.74501643853848,250.10304652552753,0.808675532412695
171,3.0,14.0,15.0,274.0,55.0,1.0,10.0,132.0,0.0
172,20.0,23.0,13.0,188.0,61.0,2.0,13.0,134.0,4.0
173,17.0,14.0,18.0,211.0,76.0,1.0,14.0,131.0,1.0
174,44.5558295866022,11.242190694158936,19.969701720773323,103.58383986362792,162.32730224265833,1.229836296684001,23.666963163165207,278.29300429008157,0.9135761900401919
175,20.0,23.0,21.0,59.0,209.0,6.0,15.0,124.0,1.0
176,13.0,24.0,13.0,155.0,64.0,1.0,20.0,191.0,2.0
177,10.0,35.0,15.0,185.0,79.0,3.0,18.0,142.0,1.0
178,20.0,19.0,18.0,271.0,59.0,1.0,21.0,193.0,0.0
179,14.0,38.0,20.0,182.0,91.0,2.0,22.0,196.0,3.0
180,14.0,34.0,14.0,197.0,71.0,4.0,25.0,144.0,2.0
181,17.0,17.0,14.0,273.0,47.0,2.0,17.0,205.0,4.0
182,16.0,17.0,17.0,155.0,68.0,1.0,23.0,242.0,4.0
183,6.0,21.0,14.0,167.0,76.0,1.0,24.0,251.0,2.0
184,21.0,48.0,17.0,152.0,152.0,3.0,26.0,307.0,1.0
185,20.0,28.0,15.0,173.0,117.0,6.0,15.0,141.0,3.0
186,17.0,22.0,15.0,178.0,122.0,3.0,18.0,182.0,1.0
187,21.0,20.0,18.0,171.0,117.0,2.0,17.0,213.0,1.0
188,17.0,27.0,18.0,156.0,69.0,2.0,15.0,136.0,0.0
189,20.0,17.0,19.0,68.0,181.0,4.0,14.0,187.0,2.0
190,10.0,20.0,17.0,166.0,137.0,1.0,22.0,207.0,1.0
191,20.0,21.0,20.0,64.0,227.0,3.0,20.0,191.0,0.0
192,14.0,12.0,14.0,239.0,60.0,3.0,11.0,137.0,3.0
193,24.0,31.0,19.0,166.0,147.0,1.0,25.0,310.0,1.0
194,14.633508642922514,12.495389299077393,8.633386628154678,271.1606638462083,177.7728094881452,1.2041869702445964,19.437203425678675,152.27631243612132,2.3462315162015086
195,10.0,18.0,17.0,91.0,100.0,2.0,26.0,296.0,1.0
196,44.463316743460545,39.61437933346923,22.12766706557669,115.37687913637478,78.17564683960268,3.844138790427643,9.70902258359056,372.1286697815468,2.861582572843046
197,10.0,19.0,10.0,168.0,49.0,3.0,20.0,150.0,3.0
198,16.0,17.0,14.0,126.0,74.0,1.0,16.0,275.0,2.0
199,20.0,25.0,15.0,236.0,43.0,1.0,18.0,246.0,2.0
200,31.0,27.0,18.0,207.0,165.0,2.0,23.0,119.0,4.0
201,22.0,24.0,19.0,212.0,110.0,3.0,18.0,208.0,1.0
202,33.0,19.0,15.0,146.0,178.0,4.0,13.0,122.0,6.0
203,22.0,27.0,18.0,235.0,77.0,2.0,20.0,214.0,1.0
204,26.0,14.0,19.0,166.0,86.0,3.0,13.0,128.0,1.0
205,31.0,28.0,19.0,201.0,202.0,3.0,15.0,173.0,3.0
206,17.0,19.0,20.0,245.0,129.0,3.0,14.0,128.0,2.0
207,24.0,35.0,19.0,51.0,204.0,4.0,16.0,126.0,4.0
208,19.0,9.0,20.0,202.0,177.0,2.0,14.0,233.0,2.0
209,9.0,30.0,22.0,258.0,105.0,2.0,14.0,139.0,1.0
210,6.0,10.0,14.0,193.0,87.0,2.0,6.0,30.0,3.0
211,21.0,27.0,12.0,49.0,179.0,5.0,14.0,120.0,5.0
212,15.441956485004821,15.700546574057505,12.548165691818719,169.0346118604718,86.23758244228816,5.678614034147574,12.420148918172696,256.947203756318,5.110741725999056
213,10.0,7.0,11.0,173.0,65.0,6.0,14.0,164.0,6.0
214,10.688537585113329,27.241749120473084,12.567302332773481,61.028964527134235,48.02885884025364,1.1483769242383959,6.995433163001618,391.06999925092725,0.8643806103166203
215,17.0,24.0,18.0,278.0,102.0,1.0,20.0,273.0,1.0
216,7.0,34.0,13.0,215.0,36.0,5.0,22.0,138.0,1.0
217,23.0,17.0,24.0,216.0,188.0,1.0,17.0,116.0,0.0
218,6.0,17.0,15.0,189.0,107.0,3.0,15.0,142.0,2.0
219,10.0,18.0,21.0,181.0,149.0,4.0,15.0,151.0,3.0
220,14.0,13.0,20.0,272.0,110.0,1.0,16.0,194.0,1.0
221,21.0,16.0,16.0,232.0,82.0,2.0,22.0,278.0,2.0
222,17.0,37.0,16.0,192.0,71.0,4.0,15.0,228.0,0.0
223,3.0,20.0,10.0,173.0,87.0,2.0,22.0,241.0,2.0
224,24.0,17.0,18.0,152.0,120.0,5.0,22.0,212.0,2.0
225,15.273122443397813,12.339632330777073,7.482063162422195,99.9573547216138,71.26460314386765,2.0421290891015262,18.380747003474994,320.8898092148671,0.05703397160088959
226,21.0,17.0,21.0,203.0,140.0,4.0,11.0,140.0,3.0
227,27.0,14.0,15.0,188.0,91.0,1.0,16.0,274.0,4.0
228,22.0,29.0,21.0,228.0,90.0,1.0,15.0,239.0,0.0
229,22.0,21.0,22.0,262.0,112.0,1.0,22.0,240.0,1.0
230,10.0,27.0,17.0,281.0,78.0,6.0,20.0,205.0,4.0
231,6.0,9.0,17.0,157.0,139.0,1.0,16.0,155.0,0.0
232,24.0,17.0,17.0,70.0,172.0,2.0,19.0,220.0,4.0
233,7.0,27.0,16.0,154.0,116.0,4.0,18.0,181.0,0.0
234,21.249346144102187,25.96854909929626,14.144052337142611,129.20547165997604,116.02504717955664,0.4430976487782686,12.916187920893119,325.14900107638977,1.942198433879985
235,10.860550633805648,32.99290128281023,17.981682071836314,151.47073137940242,155.3830238597113,1.3123410953879027,10.516548431957997,355.5688678499139,3.4634045122054307
236,15.0,13.0,20.0,221.0,134.0,2.0,17.0,211.0,1.0
237,9.0,14.0,19.0,227.0,148.0,3.0,19.0,176.0,1.0
238,35.0,21.0,18.0,164.0,210.0,2.0,23.0,155.0,0.0
239,21.0,41.0,19.0,161.0,91.0,3.0,28.0,230.0,2.0
240,18.0,24.0,26.0,268.0,119.0,2.0,18.0,185.0,1.0
241,9.0,49.0,15.0,147.0,93.0,2.0,20.0,323.0,1.0
242,3.0,38.0,9.0,77.0,36.0,4.0,23.0,322.0,2.0
243,7.125626445099282,22.919965743751717,19.954843318834847,80.24287460302625,243.3729249885466,2.2071071795715365,10.976250033973061,116.8940519299523,4.059301994669249
244,22.0,26.0,15.0,124.0,156.0,1.0,22.0,273.0,1.0
245,20.0,34.0,19.0,154.0,132.0,5.0,15.0,235.0,1.0
246,35.0,17.0,19.0,148.0,201.0,3.0,15.0,205.0,5.0
247,14.0,32.0,23.0,221.0,121.0,6.0,12.0,215.0,1.0
248,7.0,6.0,20.0,112.0,177.0,4.0,5.0,56.0,1.0
249,35.0,13.0,16.0,82.0,231.0,2.0,22.0,389.0,5.0
250,13.0,16.0,18.0,49.0,277.0,1.0,16.0,217.0,1.0
251,3.0,20.0,11.0,180.0,27.0,3.0,23.0,151.0,4.0
252,17.0,14.0,14.0,178.0,34.0,1.0,22.0,279.0,3.0
253,10.0,27.0,22.0,244.0,110.0,3.0,23.0,239.0,0.0
254,30.0,20.0,13.0,155.0,98.0,1.0,18.0,259.0,6.0
255,26.0,28.0,17.0,277.0,74.0,3.0,20.0,285.0,1.0
256,10.0,34.0,16.0,202.0,42.0,2.0,27.0,248.0,1.0
257,6.0,10.0,14.0,228.0,68.0,2.0,17.0,146.0,2.0
258,13.0,10.0,15.0,183.0,92.0,2.0,18.0,233.0,3.0
259,13.0,24.0,20.0,172.0,121.0,3.0,24.0,242.0,4.0
260,14.0,24.0,16.0,168.0,113.0,2.0,21.0,193.0,2.0
261,7.0,13.0,15.0,162.0,106.0,1.0,21.0,210.0,1.0
262,16.0,37.0,12.0,52.0,232.0,4.0,29.0,188.0,3.0
263,3.0,28.0,11.0,197.0,33.0,2.0,28.0,225.0,0.0
264,16.0,20.0,22.0,228.0,114.0,0.0,21.0,262.0,0.0
265,7.0,24.0,10.0,72.0,157.0,3.0,17.0,176.0,2.0
266,22.0,21.0,19.0,229.0,126.0,2.0,16.0,152.0,2.0
267,18.0,33.0,21.0,211.0,70.0,1.0,26.0,233.0,0.0
268,34.0,20.0,22.0,253.0,221.0,3.0,14.0,191.0,2.0
269,13.0,6.0,18.0,185.0,86.0,1.0,17.0,236.0,3.0
270,13.0,10.0,17.0,221.0,61.0,1.0,20.0,172.0,2.0
271,16.0,10.0,14.0,174.0,85.0,1.0,16.0,185.0,2.0
272,14.0,28.0,21.0,239.0,111.0,2.0,23.0,238.0,0.0
273,22.0,28.0,12.0,163.0,39.0,2.0,15.0,193.0,3.0
274,19.0,20.0,17.0,166.0,108.0,2.0,16.0,184.0,3.0
275,20.0,17.0,18.0,219.0,134.0,3.0,19.0,151.0,2.0
276,10.0,27.0,16.0,129.0,90.0,1.0,21.0,265.0,0.0
277,34.09863063506339,35.80559121278887,10.263643166846554,64.65486423599202,148.4654923015549,4.30728445385736,20.57484181044555,266.8074920346273,1.1187346041541986
278,41.0,24.0,19.0,102.0,191.0,1.0,16.0,207.0,4.0
279,34.0,17.0,20.0,130.0,164.0,1.0,16.0,198.0,6.0
280,30.853855789262123,26.20190340046998,15.792238056717569,143.09062884338135,105.46416336657168,4.107190815566465,16.18218617490049,380.59861690287005,0.9757393102374056
281,17.0,19.0,12.0,158.0,112.0,2.0,14.0,203.0,3.0
282,28.0,7.0,16.0,266.0,127.0,2.0,16.0,271.0,7.0
283,20.0,31.0,20.0,203.0,138.0,2.0,20.0,215.0,2.0
284,21.0,34.0,18.0,222.0,113.0,4.0,16.0,185.0,2.0
285,12.527400068467227,19.18439531538242,16.266417578606703,75.60067340606153,149.28744215807856,2.754958249718884,5.303840700062187,249.31167815030696,0.8204249231179279
286,17.0,21.0,23.0,276.0,91.0,2.0,10.0,217.0,0.0
287,16.0,15.0,21.0,165.0,120.0,2.0,13.0,41.0,2.0
288,19.024605312857382,17.68752071889514,8.953769681759432,190.78846957263121,107.3848112293148,0.7552266752651096,25.350986335108168,242.44111073797137,1.3165557145663256
289,42.0,14.0,15.0,232.0,92.0,1.0,28.0,329.0,3.0
290,17.0,31.0,15.0,173.0,31.0,2.0,21.0,221.0,0.0
291,9.970564909157867,5.168889560067708,12.222966961685518,75.63804909616238,32.19643805336594,3.012696347402633,10.142466934314392,357.01607762375914,3.5331978403022632
292,8.532723465835653,25.460136993181795,9.632152511831483,53.43126571693264,89.59455037638244,2.8802516055833,19.308757557069885,133.08463513332566,0.017706500431768708
293,14.0,27.0,13.0,139.0,99.0,2.0,18.0,322.0,1.0
294,40.0,13.0,20.0,209.0,163.0,2.0,12.0,150.0,5.0
295,24.0,28.0,14.0,175.0,108.0,3.0,20.0,132.0,3.0
296,38.10685011286897,26.121018493147044,10.294269711978282,124.52376359316627,127.22691634010475,4.423417626966976,21.284581162881757,389.40139571556074,1.6914903527607252
297,24.0,28.0,17.0,181.0,116.0,4.0,19.0,191.0,3.0
298,21.429296360595817,22.064187789834698,12.130703305133498,209.6095691610312,115.93038804208359,0.6958298098558094,13.722860045658662,253.3068115853605,2.118050815503746
299,3.0,6.0,18.0,159.0,109.0,1.0,14.0,100.0,3.0
300,16.0,6.0,16.0,169.0,104.0,1.0,13.0,191.0,2.0
301,17.0,14.0,21.0,164.0,159.0,3.0,20.0,208.0,2.0
302,23.0,43.0,22.0,137.0,175.0,6.0,12.0,213.0,0.0
303,24.0,19.0,22.0,254.0,76.0,0.0,19.0,267.0,1.0
304,25.0,28.0,14.0,199.0,57.0,1.0,22.0,151.0,5.0
305,23.0,27.0,18.0,191.0,140.0,2.0,20.0,137.0,0.0
306,19.0,21.0,22.0,262.0,108.0,3.0,18.0,141.0,3.0
307,16.0,33.0,14.0,96.0,159.0,4.0,19.0,189.0,1.0
308,31.0,21.0,18.0,96.0,187.0,2.0,12.0,139.0,3.0
309,6.0,17.0,19.0,91.0,170.0,2.0,16.0,121.0,2.0
310,28.0,24.0,17.0,90.0,184.0,2.0,25.0,204.0,2.0
311,13.305290695731744,42.05773693636176,8.800605366230792,84.83523377901452,129.62794929314927,0.5593714265447794,7.593746848810492,288.20159683792815,1.2097272546594862
312,13.0,16.0,23.0,176.0,242.0,3.0,19.0,191.0,0.0
313,3.0,13.0,16.0,176.0,94.0,4.0,24.0,200.0,2.0
314,3.0,24.0,11.0,89.0,77.0,3.0,17.0,96.0,1.0
315,6.0,19.0,11.0,89.0,70.0,3.0,20.0,203.0,1.0
316,7.0,21.0,17.0,84.0,83.0,3.0,13.0,80.0,2.0
317,30.0,31.0,19.0,224.0,164.0,1.0,22.0,233.0,1.0
318,24.0,38.0,21.0,246.0,136.0,4.0,18.0,192.0,1.0
319,17.0,21.0,14.0,191.0,123.0,2.0,23.0,128.0,2.0
320,24.0,27.0,20.0,225.0,132.0,3.0,17.0,199.0,1.0
321,34.0,31.0,15.0,221.0,94.0,2.0,23.0,218.0,4.0
322,28.0,31.0,21.0,195.0,83.0,2.0,26.0,259.0,1.0
323,16.0,24.0,24.0,182.0,139.0,3.0,23.0,109.0,0.0
324,24.0,31.0,18.0,164.0,103.0,4.0,17.0,127.0,0.0
325,27.0,28.0,17.0,164.0,127.0,5.0,17.0,222.0,2.0
326,21.0,29.0,17.0,190.0,115.0,2.0,25.0,233.0,2.0
327,21.0,38.0,15.0,176.0,110.0,1.0,20.0,235.0,1.0
328,14.0,24.0,10.0,123.0,59.0,1.0,25.0,275.0,2.0
329,20.0,14.0,15.0,181.0,112.0,1.0,18.0,228.0,1.0
330,20.0,27.0,19.0,195.0,142.0,2.0,21.0,237.0,0.0
331,7.0,41.0,20.0,193.0,116.0,2.0,29.0,145.0,1.0
332,13.0,37.0,19.0,175.0,133.0,2.0,22.0,209.0,1.0
333,13.0,34.0,20.0,171.0,111.0,2.0,26.0,182.0,1.0
334,14.0,16.0,19.0,232.0,120.0,1.0,19.0,256.0,3.0
335,13.0,14.0,17.0,109.0,189.0,3.0,13.0,78.0,3.0
336,17.0,10.0,17.0,218.0,59.0,1.0,13.0,98.0,3.0
337,24.0,20.0,17.0,190.0,129.0,3.0,21.0,201.0,2.0
338,29.0,20.0,21.0,178.0,77.0,1.0,25.0,212.0,1.0
339,42.299965455492895,18.829806595110412,11.841193634105625,52.50530985519153,155.2842473778501,4.174686079511844,7.737265082612298,195.039926818501,0.9802431915357311
340,21.0,14.0,18.0,109.0,157.0,1.0,13.0,106.0,1.0
341,28.0,23.0,20.0,226.0,55.0,2.0,21.0,243.0,5.0
342,13.49392852163827,40.20485570183114,23.734727793844325,258.6228238506783,159.89998434789396,0.8943609610548853,14.75216479762841,319.6489116388134,1.2084361620580626
343,24.0,7.0,22.0,272.0,190.0,1.0,11.0,145.0,2.0
344,31.0,17.0,27.0,256.0,202.0,1.0,15.0,123.0,1.0
345,17.0,33.0,13.0,178.0,82.0,4.0,21.0,141.0,1.0
346,24.0,45.0,17.0,192.0,138.0,2.0,22.0,222.0,3.0
347,24.0,27.0,21.0,198.0,146.0,3.0,25.0,239.0,3.0
348,13.0,48.0,16.0,111.0,90.0,6.0,17.0,169.0,4.0
349,14.229287116014508,22.973774926856574,21.69163024698689,98.69207687687742,149.6120658164639,1.035758257293269,16.110935593229257,404.8847120631007,2.97226999473076
350,17.0,24.0,22.0,252.0,125.0,2.0,23.0,112.0,2.0
351,6.0,22.0,15.0,209.0,62.0,0.0,18.0,233.0,0.0
352,28.0,20.0,18.0,225.0,95.0,1.0,20.0,246.0,2.0
353,16.0,14.0,17.0,162.0,155.0,1.0,16.0,168.0,3.0
354,25.0,30.0,23.0,251.0,127.0,1.0,10.0,52.0,1.0
355,41.346690856778224,9.615144063429168,17.156376884740016,100.15937494806371,129.55501534122087,5.774033407428971,13.211745653697907,269.4177018895365,3.570398330950468
356,17.0,14.0,20.0,63.0,207.0,4.0,11.0,80.0,5.0
357,35.0,35.0,16.0,225.0,69.0,2.0,16.0,201.0,2.0
358,31.0,28.0,18.0,205.0,84.0,2.0,20.0,162.0,2.0
359,20.0,26.0,12.0,79.0,89.0,3.0,16.0,169.0,3.0
360,20.0,24.0,22.0,184.0,142.0,2.0,21.0,208.0,2.0
361,27.0,38.0,21.0,276.0,78.0,3.0,22.0,265.0,1.0
362,16.0,12.0,13.0,128.0,78.0,1.0,20.0,265.0,3.0
363,19.0,45.0,13.0,147.0,94.0,4.0,20.0,260.0,4.0
364,26.673192208303135,17.15046036563151,26.37198043032248,59.29196697225069,81.4090753706208,0.7241452121131529,14.53162931654861,181.80179608206655,1.0566884122426643
365,14.0,6.0,16.0,77.0,210.0,1.0,9.0,32.0,3.0
366,24.0,45.0,22.0,223.0,146.0,4.0,25.0,189.0,1.0
367,10.0,17.0,19.0,140.0,101.0,1.0,10.0,62.0,0.0
368,6.0,26.0,14.0,207.0,40.0,0.0,28.0,183.0,0.0
369,3.0,30.0,15.0,77.0,137.0,6.0,15.0,119.0,2.0
370,27.0,3.0,20.0,176.0,164.0,1.0,9.0,39.0,3.0
371,28.0,24.0,20.0,180.0,138.0,2.0,21.0,250.0,0.0
372,12.0,20.0,14.0,132.0,80.0,2.0,15.0,62.0,1.0
373,24.0,13.0,18.0,222.0,85.0,1.0,18.0,150.0,4.0
374,31.0,21.0,27.0,246.0,208.0,3.0,19.0,246.0,1.0
375,23.0,20.0,19.0,220.0,82.0,0.0,15.0,319.0,4.0
376,13.0,6.0,17.0,95.0,166.0,4.0,16.0,150.0,2.0
377,6.0,20.0,14.0,151.0,70.0,3.0,21.0,138.0,1.0
378,10.0,24.0,22.0,225.0,139.0,0.0,23.0,196.0,0.0
379,24.0,20.0,10.0,228.0,119.0,4.0,23.0,227.0,2.0
380,30.0,21.0,20.0,195.0,117.0,2.0,14.0,207.0,3.0
381,34.0,19.0,16.0,165.0,101.0,1.0,17.0,204.0,3.0
382,20.0,30.0,19.0,132.0,166.0,2.0,23.0,244.0,1.0
383,29.0,48.0,21.0,267.0,41.0,4.0,20.0,250.0,1.0
384,17.0,21.0,14.0,280.0,41.0,3.0,23.0,167.0,0.0
385,37.0,31.0,18.0,193.0,73.0,1.0,26.0,242.0,3.0
386,7.0,20.0,13.0,166.0,68.0,0.0,23.0,264.0,0.0
387,3.0,45.0,18.0,149.0,152.0,3.0,23.0,304.0,0.0
388,21.14831188525602,28.30559328115092,7.381827425645476,135.044098418119,161.30335875199927,2.1299500857344382,22.150746815385325,182.3878121725193,6.452214565550233
389,27.0,23.0,15.0,170.0,78.0,2.0,24.0,192.0,3.0
390,21.0,24.0,21.0,275.0,118.0,3.0,20.0,88.0,1.0
391,13.0,20.0,12.0,105.0,88.0,3.0,16.0,120.0,1.0
392,20.0,23.0,23.0,214.0,124.0,1.0,23.0,135.0,1.0
393,23.0,3.0,13.0,275.0,70.0,2.0,10.0,145.0,6.0
394,10.0,14.0,14.0,133.0,98.0,1.0,9.0,81.0,0.0
395,0.0,20.0,11.0,77.0,102.0,2.0,19.0,130.0,0.0
396,24.0,20.0,15.0,112.0,84.0,1.0,15.0,209.0,4.0
397,14.922687252493013,7.553942922584229,19.16766059676703,48.67926836678777,98.71715718758813,4.189762295469418,9.687597451595483,113.15526749452019,4.30070618050166
398,21.0,42.0,13.0,207.0,103.0,2.0,23.0,212.0,0.0
399,45.0,14.0,18.0,47.0,231.0,1.0,16.0,185.0,4.0
400,43.0,50.0,18.0,184.0,148.0,4.0,24.0,209.0,4.0
401,3.5655660556059985,32.97666864492305,9.497594509590154,295.5004735351911,203.53850221660838,3.7262608365679823,16.78599168260905,348.26432484873646,6.773212849210489
402,28.0,45.0,17.0,259.0,82.0,3.0,24.0,188.0,0.0
403,20.0,31.0,23.0,239.0,118.0,2.0,18.0,264.0,1.0
404,17.0,20.0,16.0,149.0,156.0,1.0,18.0,186.0,1.0
405,26.0,7.0,16.0,176.0,135.0,1.0,9.0,47.0,3.0
406,14.0,22.0,12.0,93.0,33.0,1.0,19.0,173.0,0.0
407,10.0,30.0,14.0,123.0,54.0,5.0,18.0,178.0,1.0
408,19.0,21.0,19.0,242.0,118.0,0.0,18.0,172.0,0.0
409,23.0,3.0,22.0,248.0,154.0,1.0,12.0,186.0,3.0
410,20.0,9.0,22.0,172.0,117.0,1.0,11.0,119.0,3.0
411,32.0,3.0,15.0,182.0,101.0,2.0,11.0,91.0,4.0
412,17.0,6.0,17.0,60.0,166.0,1.0,15.0,105.0,2.0
413,31.0,23.0,20.0,256.0,146.0,0.0,24.0,352.0,1.0
414,31.0,14.0,28.0,212.0,190.0,1.0,10.0,149.0,1.0
415,37.0,10.0,24.0,155.0,159.0,1.0,13.0,156.0,1.0
416,31.0,14.0,26.0,219.0,189.0,1.0,13.0,171.0,1.0
417,31.0,10.0,21.0,190.0,149.0,1.0,9.0,119.0,1.0
418,31.0,38.0,19.0,258.0,84.0,2.0,26.0,218.0,1.0
419,28.0,23.0,14.0,261.0,29.0,0.0,19.0,338.0,4.0
420,3.0,17.0,11.0,66.0,88.0,3.0,24.0,192.0,3.0
421,14.0,19.0,15.0,129.0,101.0,3.0,21.0,191.0,0.0
422,6.0,17.0,14.0,127.0,88.0,1.0,19.0,53.0,2.0
423,10.0,22.0,16.0,135.0,102.0,4.0,15.0,140.0,0.0
424,20.0,6.0,16.0,233.0,103.0,1.0,16.0,195.0,2.0
425,17.0,23.0,11.0,95.0,73.0,4.0,19.0,172.0,2.0
426,17.0,19.0,12.0,139.0,69.0,3.0,18.0,99.0,2.0
427,21.0,23.0,19.0,191.0,94.0,0.0,20.0,316.0,1.0
428,38.0,7.0,17.0,112.0,276.0,1.0,6.0,125.0,6.0
429,3.0,28.0,16.0,92.0,87.0,2.0,20.0,249.0,2.0
430,33.0,14.0,21.0,174.0,200.0,1.0,14.0,242.0,3.0
431,10.0,14.0,20.0,107.0,146.0,5.0,12.0,127.0,0.0
432,3.0,39.0,9.0,53.0,95.0,2.0,22.0,188.0,3.0
433,28.0,28.0,16.0,316.0,173.0,5.0,17.0,261.0,1.0
434,0.0,12.0,11.0,139.0,67.0,3.0,13.0,199.0,0.0
435,24.0,17.0,13.0,146.0,83.0,2.0,17.0,159.0,4.0
436,19.0,16.0,17.0,172.0,121.0,1.0,15.0,171.0,3.0
437,17.0,21.0,20.0,142.0,104.0,3.0,14.0,123.0,2.0
438,7.0,18.0,14.0,141.0,120.0,1.0,19.0,189.0,1.0
439,10.0,23.0,19.0,121.0,130.0,2.0,20.0,240.0,1.0
440,10.0,24.0,14.0,112.0,132.0,4.0,18.0,190.0,1.0
441,34.0,10.0,21.0,201.0,191.0,2.0,14.0,128.0,3.0
442,28.0,26.0,23.0,248.0,143.0,3.0,24.0,304.0,1.0
443,24.082479841456845,49.241109145590336,13.915905601046486,114.20420468222213,90.1999573601326,3.633898523809424,20.726482064958716,60.6415531225353,3.957625518841668
444,24.0,3.0,21.0,176.0,138.0,1.0,18.0,105.0,4.0
445,17.0,35.0,19.0,116.0,106.0,4.0,7.0,222.0,2.0
446,23.0,14.0,20.0,145.0,164.0,1.0,11.0,168.0,3.0
447,3.0,6.0,8.0,73.0,74.0,1.0,22.0,183.0,1.0
448,21.0,14.0,12.0,157.0,59.0,2.0,22.0,214.0,3.0
449,6.0,31.0,9.0,61.0,67.0,3.0,17.0,181.0,1.0
450,17.0,17.0,31.0,270.0,272.0,4.0,17.0,261.0,2.0
451,17.0,12.0,13.0,142.0,87.0,1.0,28.0,343.0,2.0
452,31.0,28.0,21.0,222.0,171.0,0.0,22.0,339.0,2.0
453,23.0,15.0,11.0,116.0,77.0,1.0,27.0,307.0,5.0
454,8.461207980853537,11.09226200928861,11.478021136299398,273.31393601759515,112.28115845760296,3.867710619403261,17.667443160029634,68.2035693314933,2.1769368591316893
455,18.0,42.0,22.0,274.0,66.0,4.0,24.0,178.0,1.0
456,13.0,23.0,19.0,177.0,89.0,0.0,22.0,70.0,0.0
457,20.0,42.0,24.0,197.0,111.0,3.0,19.0,171.0,0.0
458,24.0,6.0,13.0,192.0,104.0,1.0,17.0,190.0,3.0
459,14.0,38.0,17.0,167.0,60.0,0.0,28.0,297.0,0.0
460,7.0,28.0,23.0,214.0,81.0,4.0,19.0,235.0,5.0
461,37.0,27.0,18.0,209.0,143.0,1.0,19.0,233.0,1.0
462,26.0,3.0,14.0,135.0,175.0,1.0,6.0,81.0,3.0
463,26.0,10.0,18.0,149.0,170.0,1.0,13.0,117.0,3.0
464,14.0,9.0,16.0,238.0,109.0,0.0,14.0,52.0,1.0
465,17.0,28.0,26.0,235.0,166.0,1.0,25.0,183.0,1.0
466,0.0,26.0,11.0,119.0,43.0,2.0,23.0,223.0,1.0
467,17.0,14.0,19.0,161.0,117.0,1.0,22.0,232.0,2.0
468,27.0,7.0,22.0,179.0,174.0,2.0,16.0,124.0,4.0
469,13.0,14.0,12.0,99.0,158.0,2.0,16.0,179.0,3.0
470,42.0,7.0,29.0,226.0,239.0,2.0,18.0,210.0,1.0
471,7.0,18.0,14.0,159.0,61.0,0.0,23.0,211.0,0.0
472,7.0,28.0,11.0,101.0,84.0,3.0,20.0,189.0,2.0
473,17.0,14.0,17.0,98.0,173.0,2.0,16.0,79.0,3.0
474,6.0,9.0,15.0,145.0,122.0,3.0,7.0,102.0,1.0
475,27.0,31.0,21.0,282.0,72.0,5.0,23.0,189.0,2.0
476,27.0,9.0,13.0,191.0,57.0,2.0,16.0,168.0,4.0
477,3.0,19.0,12.0,118.0,102.0,3.0,15.0,245.0,1.0
478,33.77938941182923,27.772560329661438,28.507950501164014,72.33457793605353,33.83920926810087,2.6961969645957327,21.04263210316989,164.5992484093086,0.4240494238151499
479,43.0,24.0,21.0,281.0,127.0,2.0,17.0,145.0,2.0
480,34.0,38.0,24.0,269.0,124.0,2.0,16.0,202.0,1.0
481,10.0,29.0,14.0,122.0,51.0,4.0,22.0,98.0,2.0
482,20.0,24.0,16.0,203.0,63.0,0.0,22.0,223.0,3.0
483,34.0,16.0,22.0,158.0,173.0,3.0,18.0,220.0,3.0
484,19.0,13.0,18.0,217.0,64.0,0.0,21.0,258.0,1.0
485,19.0,14.0,14.0,151.0,96.0,3.0,9.0,61.0,3.0
486,34.0,13.0,28.0,217.0,192.0,2.0,16.0,236.0,1.0
487,14.0,10.0,13.0,87.0,134.0,1.0,14.0,134.0,3.0
488,7.0,24.0,8.0,100.0,73.0,2.0,22.0,175.0,3.0
489,23.0,20.0,23.0,128.0,231.0,1.0,22.0,287.0,1.0
490,28.0,31.0,23.0,254.0,92.0,4.0,18.0,167.0,3.0
491,24.0,17.0,17.0,151.0,124.0,1.0,21.0,204.0,4.0
492,23.0,20.0,17.0,196.0,93.0,0.0,16.0,189.0,1.0
493,31.0,10.0,18.0,179.0,154.0,1.0,15.0,217.0,5.0
494,17.0,14.0,22.0,123.0,212.0,3.0,14.0,114.0,3.0
495,3.0,20.0,12.0,94.0,112.0,4.0,21.0,137.0,0.0
496,10.0,14.0,18.0,117.0,130.0,1.0,15.0,105.0,1.0
497,16.0,9.0,14.0,137.0,117.0,1.0,18.0,216.0,1.0
498,13.0,16.0,16.0,125.0,156.0,2.0,19.0,210.0,1.0
499,16.0,13.0,16.0,141.0,141.0,1.0,18.0,115.0,0.0
500,27.0,14.0,21.0,261.0,114.0,2.0,14.0,150.0,3.0
501,7.0,20.0,20.0,123.0,132.0,2.0,18.0,173.0,2.0
502,9.0,17.0,15.0,140.0,108.0,4.0,19.0,129.0,2.0
503,16.45235030285095,28.54199030644168,8.259129803959565,104.24998124884429,77.61858194528294,3.37939322854748,27.101798911178893,170.87245481668597,5.430389766603729
504,20.0,35.0,11.0,128.0,60.0,3.0,24.0,89.0,0.0
505,26.0,31.0,19.0,180.0,89.0,0.0,27.0,262.0,2.0
506,30.0,27.0,27.0,206.0,177.0,1.0,21.0,205.0,1.0
507,17.0,3.0,19.0,141.0,152.0,2.0,5.0,57.0,1.0
508,0.0,41.0,11.0,45.0,132.0,4.0,19.0,131.0,0.0
509,31.0,7.0,19.0,221.0,126.0,3.0,12.0,96.0,2.0
510,27.0,42.0,20.0,189.0,146.0,4.0,25.0,203.0,1.0
511,3.0,16.0,12.0,123.0,41.0,1.0,24.0,251.0,0.0
512,17.0,24.0,13.0,209.0,64.0,0.0,12.0,171.0,2.0
513,19.0,36.0,16.0,117.0,109.0,1.0,23.0,196.0,2.0
514,21.0,29.0,21.0,146.0,154.0,1.0,18.0,217.0,0.0
515,14.0,42.0,17.0,150.0,111.0,5.0,26.0,52.0,0.0
516,30.0,27.0,10.0,144.0,107.0,3.0,20.0,231.0,5.0
517,21.0,24.0,27.0,260.0,137.0,3.0,17.0,205.0,2.0
518,13.0,31.0,16.0,143.0,132.0,3.0,14.0,144.0,1.0
519,24.0,31.0,16.0,126.0,102.0,1.0,23.0,196.0,3.0
520,40.0,7.0,20.0,213.0,115.0,1.0,9.0,108.0,3.0
521,6.0,10.0,15.0,142.0,104.0,5.0,15.0,220.0,2.0
522,10.0,16.0,14.0,86.0,128.0,3.0,19.0,125.0,3.0
523,0.0,24.0,9.0,110.0,54.0,2.0,25.0,255.0,2.0
524,6.0,31.0,12.0,72.0,116.0,4.0,21.0,167.0,3.0
525,28.0,31.0,23.0,186.0,135.0,3.0,26.0,192.0,0.0
526,7.0,14.0,20.0,302.0,90.0,2.0,14.0,185.0,1.0
527,16.0,34.0,22.0,333.0,77.0,5.0,23.0,285.0,1.0
528,6.0,13.0,13.0,130.0,78.0,2.0,12.0,110.0,2.0
529,10.0,30.0,21.0,162.0,123.0,0.0,28.0,369.0,1.0
530,24.0,3.0,22.0,231.0,130.0,0.0,12.0,129.0,1.0
531,42.0,36.0,21.0,173.0,162.0,0.0,26.0,311.0,5.0
532,20.0,7.0,10.0,78.0,153.0,1.0,12.0,119.0,6.0
533,28.0,31.0,28.0,260.0,132.0,4.0,23.0,298.0,0.0
534,7.0,20.0,15.0,338.0,31.0,5.0,13.0,254.0,3.0
535,31.0,21.0,24.0,242.0,163.0,4.0,12.0,167.0,3.0
536,21.0,31.0,10.0,131.0,40.0,3.0,26.0,170.0,1.0
537,20.0,45.0,17.0,145.0,126.0,2.0,21.0,230.0,0.0
538,23.0,7.0,27.0,231.0,245.0,0.0,13.0,126.0,1.0
539,23.0,24.0,24.0,156.0,276.0,3.0,20.0,203.0,3.0
540,37.0,30.0,26.0,196.0,157.0,3.0,11.0,159.0,2.0
541,10.0,41.0,12.0,116.0,83.0,2.0,23.0,239.0,0.0
542,3.0,38.0,11.0,126.0,92.0,1.0,21.0,220.0,0.0
543,27.0,7.0,24.0,138.0,180.0,2.0,12.0,147.0,1.0
544,25.0,27.0,28.0,205.0,218.0,0.0,16.0,260.0,0.0
545,7.0,21.0,21.0,290.0,69.0,2.0,17.0,225.0,1.0
546,25.0,29.0,23.0,212.0,147.0,1.0,24.0,289.0,1.0
547,14.0,37.0,12.0,133.0,134.0,4.0,14.0,245.0,0.0
548,14.0,34.0,17.0,134.0,132.0,1.0,22.0,214.0,2.0
549,20.0,23.0,19.0,286.0,51.0,4.0,18.0,252.0,0.0
550,34.0,31.0,23.0,235.0,140.0,1.0,26.0,386.0,1.0
551,14.0,30.0,16.0,101.0,132.0,1.0,19.0,59.0,0.0
552,26.0,20.0,24.0,285.0,143.0,1.0,16.0,221.0,1.0
553,14.0,17.0,22.0,304.0,121.0,1.0,15.0,225.0,1.0
554,0.88234742349049,32.230408643610815,12.76611802982025,149.53743275002714,141.15601920920838,3.7772715228930243,20.26502503313093,255.4232107828159,3.0101614817973354
555,28.0,20.0,15.0,182.0,74.0,0.0,26.0,306.0,3.0
556,19.0,14.0,16.0,79.0,155.0,4.0,17.0,87.0,5.0
557,3.0,40.0,12.0,116.0,69.0,1.0,28.0,236.0,1.0
558,3.0,34.0,9.0,120.0,60.0,2.0,21.0,170.0,1.0
559,26.0,20.0,27.0,236.0,189.0,0.0,22.0,216.0,0.0
560,26.0,20.0,14.0,140.0,198.0,0.0,23.0,366.0,2.0
561,16.0,6.0,14.0,100.0,150.0,1.0,10.0,90.0,4.0
562,16.0,10.0,17.0,143.0,112.0,1.0,14.0,118.0,3.0
563,3.0,30.0,13.0,131.0,58.0,4.0,21.0,183.0,0.0
564,0.0,34.0,9.0,100.0,45.0,4.0,26.0,134.0,0.0
565,22.0,17.0,17.0,170.0,106.0,0.0,25.0,232.0,0.0
566,20.0,10.0,12.0,131.0,95.0,1.0,12.0,94.0,3.0
567,17.0,6.0,12.0,151.0,84.0,2.0,16.0,155.0,7.0
568,17.0,20.0,21.0,343.0,68.0,2.0,17.0,189.0,0.0
569,28.0,31.0,24.0,170.0,206.0,3.0,24.0,368.0,2.0
570,0.0,37.0,11.0,146.0,54.0,2.0,28.0,208.0,1.0
571,16.0,9.0,12.0,130.0,142.0,2.0,13.0,138.0,4.0
572,34.0,27.0,18.0,218.0,76.0,0.0,15.0,258.0,2.0
573,33.0,20.0,23.0,227.0,153.0,1.0,16.0,175.0,2.0
574,20.0,26.0,19.0,301.0,97.0,4.0,19.0,262.0,1.0
575,16.0,11.0,17.0,163.0,114.0,0.0,17.0,253.0,1.0
576,24.0,24.0,20.0,338.0,29.0,4.0,13.0,138.0,1.0
577,10.0,6.0,20.0,132.0,151.0,3.0,19.0,164.0,4.0
578,3.0,13.0,16.0,150.0,115.0,2.0,17.0,175.0,2.0
579,42.0,17.0,22.0,208.0,129.0,0.0,19.0,208.0,1.0
580,20.0,17.0,15.0,169.0,103.0,0.0,24.0,266.0,3.0
581,24.0,21.0,21.0,192.0,170.0,0.0,13.0,215.0,2.0
582,14.0,24.0,16.0,289.0,81.0,4.0,16.0,219.0,2.0
583,35.0,17.0,19.0,267.0,113.0,0.0,21.0,178.0,1.0
584,28.0,24.0,22.0,285.0,135.0,3.0,17.0,250.0,0.0
585,24.0,14.0,22.0,323.0,106.0,1.0,14.0,267.0,2.0
586,16.0,14.0,24.0,298.0,85.0,2.0,17.0,172.0,1.0
587,10.0,14.0,10.0,140.0,57.0,4.0,26.0,216.0,3.0
588,23.0,30.0,22.0,293.0,88.0,3.0,23.0,317.0,1.0
589,20.0,3.0,18.0,106.0,133.0,2.0,10.0,117.0,4.0
590,9.0,30.0,13.0,178.0,78.0,0.0,21.0,141.0,0.0
591,15.332912895219852,5.856869026373525,17.691617283984808,90.71644039912212,142.380538426232,3.3590786764844793,27.347106498456842,253.1360912483663,4.214659036553064
592,16.792991425243954,27.495292114709347,23.884996486476325,46.648647396133526,92.15823894908704,1.3559918857181432,9.635394137377945,250.31864224788825,2.2008546989043003
593,27.0,14.0,11.0,119.0,98.0,1.0,18.0,211.0,4.0
594,27.0,24.0,16.0,269.0,155.0,0.0,24.0,186.0,1.0
595,23.0,30.0,25.0,283.0,89.0,1.0,20.0,337.0,0.0
596,26.0,17.0,18.0,306.0,141.0,3.0,20.0,307.0,3.0
597,17.0,7.0,20.0,173.0,98.0,0.0,15.0,169.0,1.0
598,3.0,38.0,12.0,135.0,104.0,3.0,24.0,244.0,0.0
599,27.0,21.0,25.0,156.0,162.0,2.0,16.0,172.0,2.0
600,10.0,20.0,20.0,341.0,67.0,3.0,26.0,216.0,1.0
601,20.0,16.0,24.0,261.0,118.0,1.0,13.0,149.0,2.0
602,23.0,27.0,23.0,276.0,119.0,3.0,18.0,256.0,4.0
603,34.0,17.0,23.0,285.0,115.0,2.0,13.0,171.0,1.0
604,27.0,14.0,19.0,286.0,85.0,2.0,6.0,51.0,1.0
605,24.0,22.0,20.0,326.0,56.0,1.0,26.0,270.0,0.0
606,15.732031349046837,25.588147880059996,24.058498960939176,291.03145059605174,81.03741969886322,2.9320027756811884,13.569447217146223,253.1397567738229,0.9373479068236044
607,21.0,13.0,23.0,224.0,110.0,2.0,17.0,218.0,6.0
608,13.0,24.0,15.0,158.0,134.0,0.0,19.0,228.0,2.0
609,30.0,13.0,18.0,236.0,78.0,0.0,12.0,141.0,1.0
610,26.0,13.0,21.0,323.0,68.0,2.0,15.0,245.0,1.0
611,13.0,10.0,19.0,167.0,97.0,0.0,15.0,210.0,2.0
612,14.0,17.0,20.0,287.0,60.0,2.0,19.0,218.0,2.0
613,17.0,24.0,16.0,286.0,52.0,1.0,24.0,211.0,2.0
614,41.0,14.0,23.0,238.0,284.0,3.0,17.0,213.0,4.0
615,35.0,14.0,22.0,316.0,148.0,3.0,13.0,284.0,5.0
616,23.0,24.0,25.0,167.0,199.0,1.0,22.0,287.0,3.0
617,20.0,34.0,22.0,292.0,74.0,1.0,21.0,333.0,0.0
618,23.0,20.0,28.0,373.0,90.0,1.0,14.0,281.0,1.0
619,34.0,28.0,22.0,258.0,122.0,0.0,21.0,216.0,4.0
620,17.0,45.0,22.0,296.0,70.0,5.0,26.0,350.0,2.0
621,15.0,14.0,17.0,196.0,113.0,0.0,17.0,128.0,3.0
622,21.0,16.0,15.0,99.0,123.0,2.0,18.0,120.0,4.0
623,27.264385349367675,10.591528882245012,22.755320702280596,155.41499245706603,96.9526556180823,2.991864045247174,15.38992065383066,306.90660208585933,3.3489644086964727
624,32.0,43.0,18.0,345.0,68.0,1.0,21.0,291.0,4.0
625,17.0,13.0,23.0,134.0,157.0,5.0,8.0,81.0,4.0
626,46.0,45.0,25.0,268.0,113.0,4.0,19.0,179.0,4.0
627,13.0,10.0,20.0,138.0,199.0,0.0,14.0,166.0,0.0
628,31.0,24.0,24.0,219.0,219.0,1.0,19.0,238.0,2.0
629,13.0,31.0,17.0,173.0,104.0,0.0,17.0,177.0,1.0
630,19.0,16.0,15.0,160.0,65.0,0.0,23.0,288.0,2.0
631,17.0,16.0,12.0,143.0,57.0,2.0,21.0,174.0,4.0
632,20.0,7.0,21.0,316.0,91.0,0.0,21.0,288.0,4.0
633,31.0,24.0,27.0,177.0,221.0,1.0,22.0,261.0,2.0
634,20.0,31.0,20.0,288.0,81.0,1.0,25.0,372.0,0.0
635,14.0,34.0,12.0,184.0,39.0,0.0,21.0,70.0,1.0
636,16.0,24.0,20.0,365.0,36.0,2.0,19.0,197.0,3.0
637,27.0,21.0,15.0,198.0,100.0,0.0,24.0,170.0,1.0
638,37.0,35.0,27.0,267.0,137.0,1.0,24.0,333.0,2.0
639,20.0,24.0,24.0,298.0,99.0,3.0,14.0,169.0,1.0
640,27.0,24.0,19.0,315.0,45.0,2.0,21.0,326.0,3.0
641,7.0,27.0,19.0,333.0,57.0,3.0,23.0,191.0,1.0
642,19.0,14.0,18.0,160.0,140.0,0.0,17.0,156.0,0.0
643,43.888875972496145,34.16913991185831,12.848701919040511,347.4204912574755,145.9413113255464,2.1949082779034996,22.406142571002057,266.22565393330683,1.9119350482288118
644,21.007540074839024,47.28121767569176,19.880452327471495,317.7550810747183,225.7148281675486,1.0029780262995884,21.46003023543582,255.54603607234588,2.1330718372239
645,33.26326036741157,16.098230902094222,13.182670494798975,333.2514890582425,122.95401338823682,1.398679530995357,23.868738988980944,398.2265914430333,4.469991724574198
646,38.0,7.0,22.0,427.0,126.0,0.0,16.0,271.0,3.0
647,33.26835312902269,30.517441167043017,29.191451507112195,87.07513024471734,52.90119475786783,1.4340141222130245,24.63862963792409,140.6823282670479,3.792399455333465
648,20.0,26.0,20.0,351.0,71.0,3.0,18.0,254.0,1.0
649,24.0,14.0,25.0,271.0,121.0,0.0,19.0,181.0,1.0
650,27.0,26.0,19.0,374.0,112.0,0.0,27.0,318.0,1.0
651,30.0,14.0,23.0,210.0,132.0,1.0,17.0,164.0,4.0
652,31.0,28.0,22.0,115.0,141.0,0.0,28.0,312.0,1.0
653,34.0,10.0,24.0,206.0,210.0,2.0,16.0,151.0,5.0
654,24.0,33.0,23.0,305.0,40.0,6.0,9.0,18.0,0.0
655,26.0,3.0,21.0,305.0,116.0,2.0,12.0,112.0,2.0
656,10.0,24.0,12.0,150.0,57.0,0.0,22.0,216.0,0.0
657,6.0,23.0,10.0,134.0,30.0,0.0,21.0,166.0,0.0
658,34.0,12.0,23.0,277.0,121.0,3.0,11.0,134.0,2.0
659,23.0,20.0,21.0,295.0,93.0,2.0,23.0,196.0,2.0
660,27.0,10.0,24.0,256.0,100.0,1.0,15.0,289.0,2.0
661,3.0,17.0,11.0,116.0,74.0,0.0,23.0,160.0,1.0
662,30.0,17.0,19.0,285.0,108.0,0.0,14.0,119.0,2.0
663,37.0,13.0,25.0,275.0,224.0,2.0,18.0,169.0,4.0
664,33.0,10.0,17.0,199.0,204.0,0.0,23.0,211.0,5.0
665,29.0,34.0,21.0,332.0,87.0,5.0,14.0,151.0,3.0
666,44.0,13.0,21.0,248.0,165.0,0.0,15.0,170.0,3.0
667,17.0,10.0,14.0,177.0,92.0,0.0,21.0,217.0,2.0
668,41.0,29.0,25.0,140.0,251.0,1.0,23.0,354.0,4.0
669,45.0,7.0,21.0,221.0,167.0,0.0,15.0,180.0,3.0
670,28.0,13.0,21.0,350.0,87.0,3.0,15.0,170.0,5.0
671,30.0,23.0,20.0,328.0,81.0,3.0,11.0,98.0,2.0
672,17.0,12.0,21.0,177.0,111.0,0.0,14.0,176.0,2.0
673,29.0,7.0,26.0,150.0,210.0,1.0,13.0,147.0,2.0
674,16.0,13.0,19.0,152.0,119.0,0.0,15.0,190.0,2.0
675,20.0,13.0,15.0,125.0,150.0,0.0,22.0,326.0,4.0
676,38.0,10.0,27.0,263.0,178.0,2.0,23.0,202.0,3.0
677,27.0,17.0,26.0,280.0,211.0,1.0,21.0,326.0,3.0
678,14.0,7.0,19.0,89.0,190.0,0.0,18.0,143.0,4.0
679,30.0,27.0,22.0,298.0,103.0,2.0,17.0,246.0,1.0
680,27.0,20.0,20.0,331.0,182.0,2.0,18.0,208.0,0.0
681,27.0,26.0,20.0,127.0,154.0,0.0,19.0,213.0,1.0
682,19.0,13.0,17.0,82.0,249.0,0.0,10.0,71.0,2.0
683,20.0,10.0,15.0,74.0,187.0,0.0,11.0,108.0,4.0
684,37.0,15.0,22.0,368.0,142.0,1.0,12.0,190.0,4.0
685,27.0,31.0,28.0,280.0,142.0,1.0,21.0,275.0,3.0
686,43.0,23.0,25.0,219.0,178.0,0.0,20.0,339.0,6.0
687,16.0,9.0,19.0,102.0,227.0,0.0,18.0,195.0,3.0
688,14.0,7.0,16.0,62.0,183.0,0.0,20.0,256.0,7.0
689,29.0,20.0,20.0,173.0,155.0,0.0,16.0,240.0,3.0
690,21.0,31.0,31.0,286.0,168.0,4.0,20.0,145.0,0.0
691,21.0,17.0,19.0,140.0,128.0,0.0,19.0,233.0,4.0
692,38.0,31.0,30.0,331.0,157.0,0.0,17.0,362.0,0.0
693,28.0,37.0,18.0,192.0,129.0,0.0,21.0,242.0,3.0
694,37.0,31.0,28.0,370.0,123.0,1.0,16.0,307.0,1.0
695,34.0,21.0,21.0,137.0,194.0,0.0,21.0,244.0,3.0
696,17.0,7.0,14.0,113.0,95.0,0.0,14.0,205.0,3.0
697,23.0,10.0,21.0,123.0,170.0,0.0,13.0,144.0,3.0
698,27.0,36.0,20.0,304.0,74.0,3.0,20.0,251.0,2.0
699,35.0,9.0,22.0,99.0,252.0,0.0,21.0,257.0,4.0
700,30.0,10.0,18.0,202.0,127.0,0.0,14.0,162.0,3.0
701,19.0,49.0,25.0,286.0,119.0,5.0,25.0,323.0,1.0
702,30.829457865692945,42.85249934978044,13.354258912038489,283.8974345869516,141.93113570664562,2.9097609310211614,19.977788047129636,20.035255663976955,0.7412887182278665
703,42.0,3.0,27.0,244.0,288.0,0.0,16.0,188.0,5.0
704,23.0,3.0,19.0,149.0,117.0,0.0,12.0,121.0,3.0
705,29.0,15.0,17.0,91.0,202.0,0.0,18.0,222.0,2.0
706,27.0,28.0,17.0,375.0,67.0,3.0,29.0,213.0,2.0
707,37.0,24.0,18.0,390.0,104.0,1.0,23.0,208.0,1.0
708,24.0,9.0,15.0,71.0,116.0,0.0,18.0,226.0,2.0
709,6.0,13.0,14.0,88.0,126.0,0.0,23.0,187.0,3.0
710,30.0,3.0,13.0,115.0,118.0,0.0,15.0,140.0,4.0
711,32.0,31.0,31.0,418.0,70.0,3.0,13.0,271.0,4.0
712,30.0,35.0,19.0,297.0,115.0,3.0,18.0,191.0,2.0
713,13.0,16.0,11.0,101.0,57.0,0.0,17.0,167.0,2.0
714,3.0,13.0,8.0,124.0,28.0,0.0,17.0,144.0,2.0
715,29.0,38.0,23.0,356.0,108.0,3.0,17.0,336.0,4.0
716,10.0,3.0,14.0,127.0,111.0,0.0,15.0,201.0,4.0
717,41.0,3.0,28.0,270.0,164.0,0.0,16.0,163.0,2.0
718,45.0,3.0,28.0,302.0,93.0,1.0,15.0,102.0,4.0
719,29.0,28.0,26.0,285.0,166.0,2.0,18.0,260.0,2.0
720,28.0,28.0,25.0,295.0,72.0,6.0,8.0,51.0,3.0
721,28.0,42.0,23.0,329.0,124.0,6.0,17.0,287.0,3.0
722,26.0,20.0,28.0,284.0,172.0,1.0,19.0,196.0,2.0
723,27.0,13.0,17.0,165.0,124.0,0.0,15.0,167.0,3.0
724,24.0,34.0,25.0,339.0,100.0,2.0,23.0,149.0,0.0
725,26.0,10.0,23.0,110.0,184.0,0.0,14.0,84.0,4.0
726,28.0,14.0,23.0,200.0,136.0,0.0,20.0,239.0,3.0
727,47.0,3.0,24.0,167.0,206.0,0.0,11.0,120.0,5.0
728,27.0,34.0,24.0,333.0,81.0,2.0,22.0,268.0,1.0
729,27.0,28.0,24.0,318.0,118.0,1.0,16.0,239.0,3.0
730,30.0,45.0,30.0,398.0,88.0,2.0,28.0,272.0,0.0
731,26.0,29.0,26.0,297.0,106.0,2.0,26.0,250.0,1.0
732,17.0,24.0,23.0,334.0,74.0,3.0,23.0,257.0,2.0
733,21.0,27.0,25.0,304.0,63.0,6.0,21.0,176.0,3.0
734,10.430714569312812,26.853143057094453,36.48140029473591,318.9098949224042,150.93057787952347,0.07056167465638519,19.420513823708294,249.20333872236483,3.171407251118488
735,42.0,31.0,23.0,316.0,113.0,0.0,19.0,246.0,3.0
736,27.0,37.0,30.0,413.0,47.0,2.0,24.0,232.0,0.0
737,27.0,10.0,23.0,296.0,79.0,1.0,20.0,105.0,3.0
738,38.0,14.0,25.0,171.0,273.0,0.0,12.0,109.0,2.0
739,27.0,24.0,25.0,403.0,81.0,3.0,19.0,222.0,4.0
740,43.92718490920994,29.22535404613327,31.628949423150814,397.5912267768671,141.216135670532,5.5216491017189915,26.624723570261658,326.0694221152376,2.1813867340701916
741,28.0,21.0,25.0,309.0,113.0,2.0,24.0,351.0,4.0
742,23.0,16.0,24.0,302.0,91.0,2.0,22.0,242.0,3.0
743,27.0,7.0,24.0,367.0,118.0,2.0,22.0,350.0,4.0
